numeroCirconscription,nomCirconscription,nbBureauComplete,nbBureauTotal,nbVoteValide,nbVoteRejete,nbVoteExerce,nbElecteurInscrit,tauxVoteValide,tauxVoteRejete,tauxParticipation,numeroCandidat,nomCandidat,prenomCandidat,numeroPartiPolitique,abreviationPartiPolitique,nbVoteTotal,tauxVote,nbVoteAvance
648,Abitibi-Est,126,126,20695,404,21099,33723,98.09,1.91,62.57,2358,Dufour,Pierre,27,C.A.Q.-E.F.L.,9762,47.17,6718
648,Abitibi-Est,126,126,20695,404,21099,33723,98.09,1.91,62.57,2758,Matte,Jean-Maurice,6,P.L.Q./Q.L.P.,3044,14.71,0
648,Abitibi-Est,126,126,20695,404,21099,33723,98.09,1.91,62.57,2266,Gingras,Benjamin,40,Q.S.,2838,13.71,0
648,Abitibi-Est,126,126,20695,404,21099,33723,98.09,1.91,62.57,2573,Rouleau,Jacline,8,P.Q.,2565,12.39,0
648,Abitibi-Est,126,126,20695,404,21099,33723,98.09,1.91,62.57,2362,Perron-Tellier,Maxym,22,P.C.Q-E.E.D.,2486,12.01,0
642,Abitibi-Ouest,139,139,22246,319,22565,35424,98.59,1.41,63.7,2177,Blais,Suzanne,27,C.A.Q.-E.F.L.,10399,46.75,5780
642,Abitibi-Ouest,139,139,22246,319,22565,35424,98.59,1.41,63.7,2639,Doré,Samuel,8,P.Q.,4619,20.76,0
642,Abitibi-Ouest,139,139,22246,319,22565,35424,98.59,1.41,63.7,2463,Lapierre,Alexis,40,Q.S.,3623,16.29,0
642,Abitibi-Ouest,139,139,22246,319,22565,35424,98.59,1.41,63.7,2762,Vigneault,François,22,P.C.Q-E.E.D.,2293,10.31,0
642,Abitibi-Ouest,139,139,22246,319,22565,35424,98.59,1.41,63.7,2886,Bourgeois,Guy,6,P.L.Q./Q.L.P.,1153,5.18,0
642,Abitibi-Ouest,139,139,22246,319,22565,35424,98.59,1.41,63.7,2988,Blanchette,Jonathan,99209,U.N.,159,0.71,0
338,Acadie,165,165,25984,434,26418,49427,98.36,1.64,53.45,2636,Morin,André A.,6,P.L.Q./Q.L.P.,10981,42.26,6513
338,Acadie,165,165,25984,434,26418,49427,98.36,1.64,53.45,2442,Lévesque,Elyse,40,Q.S.,4468,17.2,0
338,Acadie,165,165,25984,434,26418,49427,98.36,1.64,53.45,2377,Otoya Celis,Rosmeri,27,C.A.Q.-E.F.L.,4446,17.11,0
338,Acadie,165,165,25984,434,26418,49427,98.36,1.64,53.45,2732,Gentile,Stéphanie,22,P.C.Q-E.E.D.,2955,11.37,0
338,Acadie,165,165,25984,434,26418,49427,98.36,1.64,53.45,2740,Lecours,Véronique,8,P.Q.,2565,9.87,0
338,Acadie,165,165,25984,434,26418,49427,98.36,1.64,53.45,2720,Al Nseir,Roula,10,P.V.Q./G.P.Q.,569,2.19,0
366,Anjou-Louis-Riel,133,133,26363,427,26790,41956,98.41,1.59,63.85,2211,Boivin Roy,Karine,27,C.A.Q.-E.F.L.,9376,35.56,1331
366,Anjou-Louis-Riel,133,133,26363,427,26790,41956,98.41,1.59,63.85,2202,Gagnon,Chantal,6,P.L.Q./Q.L.P.,8045,30.52,0
366,Anjou-Louis-Riel,133,133,26363,427,26790,41956,98.41,1.59,63.85,2669,Pageau,Laurence,40,Q.S.,3893,14.77,0
366,Anjou-Louis-Riel,133,133,26363,427,26790,41956,98.41,1.59,63.85,2733,Adda,Yastene,8,P.Q.,2910,11.04,0
366,Anjou-Louis-Riel,133,133,26363,427,26790,41956,98.41,1.59,63.85,2813,Deneault,Genevieve,22,P.C.Q-E.E.D.,1887,7.16,0
366,Anjou-Louis-Riel,133,133,26363,427,26790,41956,98.41,1.59,63.85,2921,Gélinas,Claude,99237,C.Q.,203,0.77,0
366,Anjou-Louis-Riel,133,133,26363,427,26790,41956,98.41,1.59,63.85,2826,LeRougetel,Katy,0,Ind,49,0.19,0
520,Argenteuil,177,177,32649,495,33144,51647,98.51,1.49,64.17,2474,Grondin,Agnès,27,C.A.Q.-E.F.L.,14725,45.1,9434
520,Argenteuil,177,177,32649,495,33144,51647,98.51,1.49,64.17,2724,Girard,François,8,P.Q.,5291,16.21,0
520,Argenteuil,177,177,32649,495,33144,51647,98.51,1.49,64.17,2500,Elayoubi,Karim,22,P.C.Q-E.E.D.,4807,14.72,0
520,Argenteuil,177,177,32649,495,33144,51647,98.51,1.49,64.17,2333,Lachaine,Marcel,40,Q.S.,3523,10.79,0
520,Argenteuil,177,177,32649,495,33144,51647,98.51,1.49,64.17,2615,LeBel,Philippe,6,P.L.Q./Q.L.P.,3325,10.18,0
520,Argenteuil,177,177,32649,495,33144,51647,98.51,1.49,64.17,2967,Lalonde,Jean,99263,P.C.Q./C.P.Q,436,1.34,0
520,Argenteuil,177,177,32649,495,33144,51647,98.51,1.49,64.17,2734,Alvarez,Luis,10,P.V.Q./G.P.Q.,429,1.31,0
520,Argenteuil,177,177,32649,495,33144,51647,98.51,1.49,64.17,2915,Milot,Marie-Eve,99286,D.D.,113,0.35,0
144,Arthabaska,207,207,45309,720,46029,62120,98.44,1.56,74.1,2243,Lefebvre,Eric,27,C.A.Q.-E.F.L.,23447,51.75,12260
144,Arthabaska,207,207,45309,720,46029,62120,98.44,1.56,74.1,2465,Henoud,Tarek,22,P.C.Q-E.E.D.,11187,24.69,0
144,Arthabaska,207,207,45309,720,46029,62120,98.44,1.56,74.1,2982,Beauchesne,Mario,8,P.Q.,4538,10.02,0
144,Arthabaska,207,207,45309,720,46029,62120,98.44,1.56,74.1,2332,Fortin,Pascale,40,Q.S.,4179,9.22,0
144,Arthabaska,207,207,45309,720,46029,62120,98.44,1.56,74.1,2875,Arantes,Luciana,6,P.L.Q./Q.L.P.,1702,3.76,0
144,Arthabaska,207,207,45309,720,46029,62120,98.44,1.56,74.1,2654,Martel,Trystan,99237,C.Q.,256,0.57,0
806,Beauce-Nord,151,151,33591,372,33963,44093,98.9,1.1,77.03,2191,Provençal,Luc,27,C.A.Q.-E.F.L.,14590,43.43,202
806,Beauce-Nord,151,151,33591,372,33963,44093,98.9,1.1,77.03,2581,Dumais,Olivier,22,P.C.Q-E.E.D.,14388,42.83,0
806,Beauce-Nord,151,151,33591,372,33963,44093,98.9,1.1,77.03,2986,Lavoie-Savard,Paméla,8,P.Q.,1994,5.94,0
806,Beauce-Nord,151,151,33591,372,33963,44093,98.9,1.1,77.03,2350,Jacques-Côté,François,40,Q.S.,1522,4.53,0
806,Beauce-Nord,151,151,33591,372,33963,44093,98.9,1.1,77.03,2664,Rouleau,Clermont,6,P.L.Q./Q.L.P.,951,2.83,0
806,Beauce-Nord,151,151,33591,372,33963,44093,98.9,1.1,77.03,2634,Mathieu-Poulin,Gwendoline,99237,C.Q.,146,0.43,0
802,Beauce-Sud,180,180,37293,468,37761,49732,98.76,1.24,75.93,2170,Poulin,Samuel,27,C.A.Q.-E.F.L.,16615,44.55,428
802,Beauce-Sud,180,180,37293,468,37761,49732,98.76,1.24,75.93,2337,Poulin,Jonathan,22,P.C.Q-E.E.D.,16187,43.4,0
802,Beauce-Sud,180,180,37293,468,37761,49732,98.76,1.24,75.93,2209,Fecteau,Olivier,40,Q.S.,1623,4.35,0
802,Beauce-Sud,180,180,37293,468,37761,49732,98.76,1.24,75.93,2960,Major,Jean-François,8,P.Q.,1505,4.04,0
802,Beauce-Sud,180,180,37293,468,37761,49732,98.76,1.24,75.93,2756,Poulin,Antoine,6,P.L.Q./Q.L.P.,1057,2.83,0
802,Beauce-Sud,180,180,37293,468,37761,49732,98.76,1.24,75.93,2482,Mercier,Hans,37,P51,306,0.82,0
218,Beauharnois,175,175,33252,530,33782,50930,98.43,1.57,66.33,2281,Reid,Claude,27,C.A.Q.-E.F.L.,17882,53.78,12242
218,Beauharnois,175,175,33252,530,33782,50930,98.43,1.57,66.33,2331,Desforges,Claudine,8,P.Q.,5640,16.96,0
218,Beauharnois,175,175,33252,530,33782,50930,98.43,1.57,66.33,2521,Poirier,Emilie,40,Q.S.,4299,12.93,0
218,Beauharnois,175,175,33252,530,33782,50930,98.43,1.57,66.33,2245,Dauphinais,Chantal,22,P.C.Q-E.E.D.,3112,9.36,0
218,Beauharnois,175,175,33252,530,33782,50930,98.43,1.57,66.33,2976,Blanchard,Marc,6,P.L.Q./Q.L.P.,1940,5.83,0
218,Beauharnois,175,175,33252,530,33782,50930,98.43,1.57,66.33,3040,Savard,Hélène,10,P.V.Q./G.P.Q.,243,0.73,0
218,Beauharnois,175,175,33252,530,33782,50930,98.43,1.57,66.33,2983,Taillefer,Mathieu,99237,C.Q.,136,0.41,0
822,Bellechasse,165,165,32933,497,33430,45261,98.51,1.49,73.86,2175,Lachance,Stéphanie,27,C.A.Q.-E.F.L.,15065,45.74,3453
822,Bellechasse,165,165,32933,497,33430,45261,98.51,1.49,73.86,2176,Tardif,Michel,22,P.C.Q-E.E.D.,11612,35.26,0
822,Bellechasse,165,165,32933,497,33430,45261,98.51,1.49,73.86,2847,Fontaine,Jean-Daniel,8,P.Q.,2908,8.83,0
822,Bellechasse,165,165,32933,497,33430,45261,98.51,1.49,73.86,2539,D'Auteuil Sirois,Jérôme,40,Q.S.,1988,6.04,0
822,Bellechasse,165,165,32933,497,33430,45261,98.51,1.49,73.86,2859,Bégin,François,6,P.L.Q./Q.L.P.,1360,4.13,0
566,Berthier,211,211,41706,613,42319,62369,98.55,1.45,67.85,2439,Proulx,Caroline,27,C.A.Q.-E.F.L.,21256,50.97,12574
566,Berthier,211,211,41706,613,42319,62369,98.55,1.45,67.85,2196,Boucher,Julie,8,P.Q.,8682,20.82,0
566,Berthier,211,211,41706,613,42319,62369,98.55,1.45,67.85,2218,Drainville,Amélie,40,Q.S.,5877,14.09,0
566,Berthier,211,211,41706,613,42319,62369,98.55,1.45,67.85,2593,Primeau,Benoit,22,P.C.Q-E.E.D.,4585,10.99,0
566,Berthier,211,211,41706,613,42319,62369,98.55,1.45,67.85,3015,Abdallah,Hassan,6,P.L.Q./Q.L.P.,1064,2.55,0
566,Berthier,211,211,41706,613,42319,62369,98.55,1.45,67.85,2262,Aubin,Claire,99237,C.Q.,242,0.58,0
588,Bertrand,181,181,35188,448,35636,55022,98.74,1.26,64.77,2385,Duranceau,France-Élaine,27,C.A.Q.-E.F.L.,15927,45.26,8668
588,Bertrand,181,181,35188,448,35636,55022,98.74,1.26,64.77,2842,Freire,Guillaume,8,P.Q.,7259,20.63,0
588,Bertrand,181,181,35188,448,35636,55022,98.74,1.26,64.77,2277,Francoeur,Julie,40,Q.S.,5682,16.15,0
588,Bertrand,181,181,35188,448,35636,55022,98.74,1.26,64.77,2546,Meloni,Philippe,22,P.C.Q-E.E.D.,3444,9.79,0
588,Bertrand,181,181,35188,448,35636,55022,98.74,1.26,64.77,2914,Nadeau,André,6,P.L.Q./Q.L.P.,2115,6.01,0
588,Bertrand,181,181,35188,448,35636,55022,98.74,1.26,64.77,2814,Steinberger,Karine,10,P.V.Q./G.P.Q.,448,1.27,0
588,Bertrand,181,181,35188,448,35636,55022,98.74,1.26,64.77,2435,Ouellette,Marie-Eve,99281,P.H.Q.,162,0.46,0
588,Bertrand,181,181,35188,448,35636,55022,98.74,1.26,64.77,2956,Fortin,Samuel,99237,C.Q.,151,0.43,0
536,Blainville,202,202,42769,601,43370,60137,98.61,1.39,72.12,2602,Laframboise,Mario,27,C.A.Q.-E.F.L.,21149,49.45,14549
536,Blainville,202,202,42769,601,43370,60137,98.61,1.39,72.12,2811,Labelle,Frédéric,8,P.Q.,6600,15.43,0
536,Blainville,202,202,42769,601,43370,60137,98.61,1.39,72.12,2698,Michaud,Éric,40,Q.S.,5987,14.0,0
536,Blainville,202,202,42769,601,43370,60137,98.61,1.39,72.12,2840,Mercho,Alexandre,6,P.L.Q./Q.L.P.,4718,11.03,0
536,Blainville,202,202,42769,601,43370,60137,98.61,1.39,72.12,2408,Daou,Grace,22,P.C.Q-E.E.D.,4175,9.76,0
536,Blainville,202,202,42769,601,43370,60137,98.61,1.39,72.12,3037,Hanna,Marie-France,99286,D.D.,140,0.33,0
850,Bonaventure,134,134,22313,257,22570,35960,98.86,1.14,62.76,2477,Blouin,Catherine,27,C.A.Q.-E.F.L.,9919,44.45,3211
850,Bonaventure,134,134,22313,257,22570,35960,98.86,1.14,62.76,2178,Deschênes,Alexis,8,P.Q.,6708,30.06,0
850,Bonaventure,134,134,22313,257,22570,35960,98.86,1.14,62.76,2186,Cyr Wright,Catherine,40,Q.S.,2417,10.83,0
850,Bonaventure,134,134,22313,257,22570,35960,98.86,1.14,62.76,2778,Cyr,Christian,6,P.L.Q./Q.L.P.,1911,8.56,0
850,Bonaventure,134,134,22313,257,22570,35960,98.86,1.14,62.76,2427,Therrien,François,22,P.C.Q-E.E.D.,1219,5.46,0
850,Bonaventure,134,134,22313,257,22570,35960,98.86,1.14,62.76,2891,Lauzon,Anne-Marie,99275,U.F.F.,82,0.37,0
850,Bonaventure,134,134,22313,257,22570,35960,98.86,1.14,62.76,3004,Rioux,Jocelyn,99237,C.Q.,57,0.26,0
258,Borduas,194,194,44429,488,44917,59936,98.91,1.09,74.94,2185,Jolin-Barrette,Simon,27,C.A.Q.-E.F.L.,22760,51.23,14114
258,Borduas,194,194,44429,488,44917,59936,98.91,1.09,74.94,2413,Laprise,Paule,8,P.Q.,8646,19.46,0
258,Borduas,194,194,44429,488,44917,59936,98.91,1.09,74.94,2205,Landry,Benoît,40,Q.S.,6726,15.14,0
258,Borduas,194,194,44429,488,44917,59936,98.91,1.09,74.94,2195,Racicot,Jean-Félix,22,P.C.Q-E.E.D.,3357,7.56,0
258,Borduas,194,194,44429,488,44917,59936,98.91,1.09,74.94,3007,Charles,Eribert,6,P.L.Q./Q.L.P.,2326,5.24,0
258,Borduas,194,194,44429,488,44917,59936,98.91,1.09,74.94,2857,Thibault-Vincent,Thomas,10,P.V.Q./G.P.Q.,463,1.04,0
258,Borduas,194,194,44429,488,44917,59936,98.91,1.09,74.94,2984,Thibodeau,Marcel,99237,C.Q.,93,0.21,0
258,Borduas,194,194,44429,488,44917,59936,98.91,1.09,74.94,2970,Gauthier,Stephen,99286,D.D.,58,0.13,0
360,Bourassa-Sauvé,164,164,24182,547,24729,46257,97.79,2.21,53.46,2542,Cadet,Madwa-Nika,6,P.L.Q./Q.L.P.,9704,40.13,3655
360,Bourassa-Sauvé,164,164,24182,547,24729,46257,97.79,2.21,53.46,2411,Diallo,Absa,27,C.A.Q.-E.F.L.,6049,25.01,0
360,Bourassa-Sauvé,164,164,24182,547,24729,46257,97.79,2.21,53.46,2479,Gustave,Ricardo,40,Q.S.,3737,15.45,0
360,Bourassa-Sauvé,164,164,24182,547,24729,46257,97.79,2.21,53.46,2265,Bessard,Carmel-Antoine,22,P.C.Q-E.E.D.,2161,8.94,0
360,Bourassa-Sauvé,164,164,24182,547,24729,46257,97.79,2.21,53.46,2537,Robitaille,Zacharie,8,P.Q.,2101,8.69,0
360,Bourassa-Sauvé,164,164,24182,547,24729,46257,97.79,2.21,53.46,2909,Ahmed,Omar,10,P.V.Q./G.P.Q.,266,1.1,0
360,Bourassa-Sauvé,164,164,24182,547,24729,46257,97.79,2.21,53.46,2346,Toussaint,Smaille,0,Ind,94,0.39,0
360,Bourassa-Sauvé,164,164,24182,547,24729,46257,97.79,2.21,53.46,2263,Lalande McLean,Shawn,99236,P.A.P.E.,70,0.29,0
204,Brome-Missisquoi,233,233,44856,537,45393,66769,98.82,1.18,67.99,2450,Charest,Isabelle,27,C.A.Q.-E.F.L.,20576,45.87,13438
204,Brome-Missisquoi,233,233,44856,537,45393,66769,98.82,1.18,67.99,2448,Legault,Alexandre,40,Q.S.,7138,15.91,0
204,Brome-Missisquoi,233,233,44856,537,45393,66769,98.82,1.18,67.99,2443,Paquet,Guillaume,8,P.Q.,5359,11.95,0
204,Brome-Missisquoi,233,233,44856,537,45393,66769,98.82,1.18,67.99,2649,Vadeboncoeur,Claude,6,P.L.Q./Q.L.P.,5344,11.91,0
204,Brome-Missisquoi,233,233,44856,537,45393,66769,98.82,1.18,67.99,2440,Prévost,Stéphanie,22,P.C.Q-E.E.D.,4875,10.87,0
204,Brome-Missisquoi,233,233,44856,537,45393,66769,98.82,1.18,67.99,3016,Moore,Lynn,99263,P.C.Q./C.P.Q,642,1.43,0
204,Brome-Missisquoi,233,233,44856,537,45393,66769,98.82,1.18,67.99,2942,Moynan,Caitlin,10,P.V.Q./G.P.Q.,487,1.09,0
204,Brome-Missisquoi,233,233,44856,537,45393,66769,98.82,1.18,67.99,2453,Houle,Sébastien,0,Ind,209,0.47,0
204,Brome-Missisquoi,233,233,44856,537,45393,66769,98.82,1.18,67.99,2987,Quirion-Bouchard,Tommy,99237,C.Q.,121,0.27,0
204,Brome-Missisquoi,233,233,44856,537,45393,66769,98.82,1.18,67.99,2643,Fontaine,Pierre,99286,D.D.,105,0.23,0
370,Camille-Laurin,173,173,28690,2728,31418,49518,91.32,8.68,63.45,2652,St-Pierre Plamondon,Paul,8,P.Q.,11959,41.68,2794
370,Camille-Laurin,173,173,28690,2728,31418,49518,91.32,8.68,63.45,2452,Campeau,Richard,27,C.A.Q.-E.F.L.,9165,31.94,0
370,Camille-Laurin,173,173,28690,2728,31418,49518,91.32,8.68,63.45,2700,Eyangos,Christina,6,P.L.Q./Q.L.P.,4724,16.47,0
370,Camille-Laurin,173,173,28690,2728,31418,49518,91.32,8.68,63.45,2575,Karteris,Christos,22,P.C.Q-E.E.D.,1869,6.51,0
370,Camille-Laurin,173,173,28690,2728,31418,49518,91.32,8.68,63.45,2702,Keita,Bourama,10,P.V.Q./G.P.Q.,641,2.23,0
370,Camille-Laurin,173,173,28690,2728,31418,49518,91.32,8.68,63.45,2489,Émond,Jean-Pierre,99237,C.Q.,241,0.84,0
370,Camille-Laurin,173,173,28690,2728,31418,49518,91.32,8.68,63.45,2446,St-Gelais,Grace,99286,D.D.,49,0.17,0
370,Camille-Laurin,173,173,28690,2728,31418,49518,91.32,8.68,63.45,2461,Mc Nicoll,Charles,29,E.A.,42,0.15,0
238,Chambly,172,172,38170,460,38630,52394,98.81,1.19,73.73,2481,Roberge,Jean-François,27,C.A.Q.-E.F.L.,18500,48.47,11669
238,Chambly,172,172,38170,460,38630,52394,98.81,1.19,73.73,2484,Desgagné,Marie-Laurence,8,P.Q.,6831,17.9,0
238,Chambly,172,172,38170,460,38630,52394,98.81,1.19,73.73,2483,Michaux-St-Louis,Vincent,40,Q.S.,6250,16.37,0
238,Chambly,172,172,38170,460,38630,52394,98.81,1.19,73.73,2210,Desnoyers,Daniel,22,P.C.Q-E.E.D.,3181,8.33,0
238,Chambly,172,172,38170,460,38630,52394,98.81,1.19,73.73,2865,Yunes,Lina,6,P.L.Q./Q.L.P.,2997,7.85,0
238,Chambly,172,172,38170,460,38630,52394,98.81,1.19,73.73,2973,Chahad,Sanae,99237,C.Q.,341,0.89,0
238,Chambly,172,172,38170,460,38630,52394,98.81,1.19,73.73,2670,Boisvert,Caroline,99286,D.D.,70,0.18,0
676,Champlain,206,206,42068,542,42610,60032,98.73,1.27,70.98,2623,LeBel,Sonia,27,C.A.Q.-E.F.L.,23513,55.89,16130
676,Champlain,206,206,42068,542,42610,60032,98.73,1.27,70.98,2617,Massicotte,Steve,22,P.C.Q-E.E.D.,7383,17.55,0
676,Champlain,206,206,42068,542,42610,60032,98.73,1.27,70.98,2621,Litalien,Alexandre,8,P.Q.,5065,12.04,0
676,Champlain,206,206,42068,542,42610,60032,98.73,1.27,70.98,2671,Trottier,Marjolaine,40,Q.S.,3775,8.97,0
676,Champlain,206,206,42068,542,42610,60032,98.73,1.27,70.98,2844,Leblanc,Jérémy,6,P.L.Q./Q.L.P.,2138,5.08,0
676,Champlain,206,206,42068,542,42610,60032,98.73,1.27,70.98,2965,Pinel,Bianca Nancy,99275,U.F.F.,194,0.46,0
620,Chapleau,189,189,31284,383,31667,53875,98.79,1.21,58.78,2187,Lévesque,Mathieu,27,C.A.Q.-E.F.L.,16363,52.3,12104
620,Chapleau,189,189,31284,383,31667,53875,98.79,1.21,58.78,2801,Ndengeyingoma,Assumpta,6,P.L.Q./Q.L.P.,4259,13.61,0
620,Chapleau,189,189,31284,383,31667,53875,98.79,1.21,58.78,2696,Labrecque-Boivin,Sabrina,40,Q.S.,4129,13.2,0
620,Chapleau,189,189,31284,383,31667,53875,98.79,1.21,58.78,3052,Kadri,Matthieu,22,P.C.Q-E.E.D.,3161,10.1,0
620,Chapleau,189,189,31284,383,31667,53875,98.79,1.21,58.78,2457,Gutierrez,Marisa,8,P.Q.,3033,9.7,0
620,Chapleau,189,189,31284,383,31667,53875,98.79,1.21,58.78,2955,Meunier,Anne-Marie,99237,C.Q.,267,0.85,0
620,Chapleau,189,189,31284,383,31667,53875,98.79,1.21,58.78,2628,Soublière,Pierre,7,P.M.L.Q.,72,0.23,0
748,Charlesbourg,198,198,42042,570,42612,57117,98.66,1.34,74.6,2183,Julien,Jonatan,27,C.A.Q.-E.F.L.,18921,45.0,10357
748,Charlesbourg,198,198,42042,570,42612,57117,98.66,1.34,74.6,2347,Domingue,Jean,22,P.C.Q-E.E.D.,8564,20.37,0
748,Charlesbourg,198,198,42042,570,42612,57117,98.66,1.34,74.6,2250,Corbeil,Priscilla,8,P.Q.,5967,14.19,0
748,Charlesbourg,198,198,42042,570,42612,57117,98.66,1.34,74.6,2340,Duhaime,Ève,40,Q.S.,5486,13.05,0
748,Charlesbourg,198,198,42042,570,42612,57117,98.66,1.34,74.6,2781,Sissoko,Mahamadou,6,P.L.Q./Q.L.P.,2518,5.99,0
748,Charlesbourg,198,198,42042,570,42612,57117,98.66,1.34,74.6,2677,Essaidi,Odevie,10,P.V.Q./G.P.Q.,348,0.83,0
748,Charlesbourg,198,198,42042,570,42612,57117,98.66,1.34,74.6,2780,Cantin,David,37,P51,163,0.39,0
748,Charlesbourg,198,198,42042,570,42612,57117,98.66,1.34,74.6,2267,Pelletier,Daniel,99286,D.D.,75,0.18,0
760,Charlevoix-Côte-de-Beaupré,189,189,37322,430,37752,53780,98.86,1.14,70.2,2829,Bourassa,Kariane,27,C.A.Q.-E.F.L.,17979,48.17,11216
760,Charlevoix-Côte-de-Beaupré,189,189,37322,430,37752,53780,98.86,1.14,70.2,2893,Lacombe,Odré,22,P.C.Q-E.E.D.,6763,18.12,0
760,Charlevoix-Côte-de-Beaupré,189,189,37322,430,37752,53780,98.86,1.14,70.2,2834,Rodrigue,Lucien,8,P.Q.,6041,16.19,0
760,Charlevoix-Côte-de-Beaupré,189,189,37322,430,37752,53780,98.86,1.14,70.2,2835,Fortin,Myriam,40,Q.S.,4677,12.53,0
760,Charlevoix-Côte-de-Beaupré,189,189,37322,430,37752,53780,98.86,1.14,70.2,2949,Bureau,Michel,6,P.L.Q./Q.L.P.,1756,4.7,0
760,Charlevoix-Côte-de-Beaupré,189,189,37322,430,37752,53780,98.86,1.14,70.2,2912,Tremblay,Stefany,99286,D.D.,106,0.28,0
226,Châteauguay,183,183,33332,425,33757,54467,98.74,1.26,61.98,2330,Gendron,Marie-Belle,27,C.A.Q.-E.F.L.,13038,39.12,4778
226,Châteauguay,183,183,33332,425,33757,54467,98.74,1.26,61.98,2279,Primeau,Jean-François,6,P.L.Q./Q.L.P.,8260,24.78,0
226,Châteauguay,183,183,33332,425,33757,54467,98.74,1.26,61.98,2285,Bécotte,Martin,40,Q.S.,4261,12.78,0
226,Châteauguay,183,183,33332,425,33757,54467,98.74,1.26,61.98,2328,Lafleur,Marianne,8,P.Q.,3947,11.84,0
226,Châteauguay,183,183,33332,425,33757,54467,98.74,1.26,61.98,2836,Viau,Patric,22,P.C.Q-E.E.D.,3363,10.09,0
226,Châteauguay,183,183,33332,425,33757,54467,98.74,1.26,61.98,3006,Stevenson,Stephanie,10,P.V.Q./G.P.Q.,463,1.39,0
754,Chauveau,205,205,43318,619,43937,58059,98.59,1.41,75.68,2180,Lévesque,Sylvain,27,C.A.Q.-E.F.L.,20292,46.84,6498
754,Chauveau,205,205,43318,619,43937,58059,98.59,1.41,75.68,2184,Duhaime,Éric,22,P.C.Q-E.E.D.,13794,31.84,0
754,Chauveau,205,205,43318,619,43937,58059,98.59,1.41,75.68,2468,Ruiz Aragon,Jimena,40,Q.S.,3816,8.81,0
754,Chauveau,205,205,43318,619,43937,58059,98.59,1.41,75.68,2755,Riverin,Charles-Hubert,8,P.Q.,3307,7.63,0
754,Chauveau,205,205,43318,619,43937,58059,98.59,1.41,75.68,2927,Pivovar,Igor,6,P.L.Q./Q.L.P.,1651,3.81,0
754,Chauveau,205,205,43318,619,43937,58059,98.59,1.41,75.68,2680,Blais,Renaud,23,P.N.,213,0.49,0
754,Chauveau,205,205,43318,619,43937,58059,98.59,1.41,75.68,2598,Lepage,Christine,99237,C.Q.,201,0.46,0
754,Chauveau,205,205,43318,619,43937,58059,98.59,1.41,75.68,2779,Bouffard-Savoie,Nicolas,29,E.A.,44,0.1,0
918,Chicoutimi,164,164,31063,421,31484,45810,98.66,1.34,68.73,2395,Laforest,Andrée,27,C.A.Q.-E.F.L.,19345,62.28,14930
918,Chicoutimi,164,164,31063,421,31484,45810,98.66,1.34,68.73,2400,Villeneuve,Alice,8,P.Q.,4415,14.21,0
918,Chicoutimi,164,164,31063,421,31484,45810,98.66,1.34,68.73,2592,Guibert-Barthez,Adrien,40,Q.S.,3741,12.04,0
918,Chicoutimi,164,164,31063,421,31484,45810,98.66,1.34,68.73,2935,Girard,Éric,22,P.C.Q-E.E.D.,2619,8.43,0
918,Chicoutimi,164,164,31063,421,31484,45810,98.66,1.34,68.73,3056,Caron,Gabriel,6,P.L.Q./Q.L.P.,943,3.04,0
460,Chomedey,205,205,32572,479,33051,60626,98.55,1.45,54.52,2907,Lakhoyan Olivier,Sona,6,P.L.Q./Q.L.P.,11895,36.52,3199
460,Chomedey,205,205,32572,479,33051,60626,98.55,1.45,54.52,2414,Platanitis,George,27,C.A.Q.-E.F.L.,8696,26.7,0
460,Chomedey,205,205,32572,479,33051,60626,98.55,1.45,54.52,2954,Merakos,Konstantinos,22,P.C.Q-E.E.D.,6467,19.85,0
460,Chomedey,205,205,32572,479,33051,60626,98.55,1.45,54.52,2420,Robert,Zachary,40,Q.S.,2570,7.89,0
460,Chomedey,205,205,32572,479,33051,60626,98.55,1.45,54.52,2992,Bandou,Rachid,8,P.Q.,2343,7.19,0
460,Chomedey,205,205,32572,479,33051,60626,98.55,1.45,54.52,3061,Nablia,Sahbi,10,P.V.Q./G.P.Q.,311,0.95,0
460,Chomedey,205,205,32572,479,33051,60626,98.55,1.45,54.52,2846,Gangai,Federica,99285,B.M.-E.B.H.,290,0.89,0
814,Chutes-de-la-Chaudière,203,203,46467,689,47156,59763,98.54,1.46,78.91,2312,Biron,Martine,27,C.A.Q.-E.F.L.,22055,47.46,9415
814,Chutes-de-la-Chaudière,203,203,46467,689,47156,59763,98.54,1.46,78.91,2323,Fortier,Mario,22,P.C.Q-E.E.D.,12640,27.2,0
814,Chutes-de-la-Chaudière,203,203,46467,689,47156,59763,98.54,1.46,78.91,2938,Brault,François-Noël,8,P.Q.,5163,11.11,0
814,Chutes-de-la-Chaudière,203,203,46467,689,47156,59763,98.54,1.46,78.91,2583,Thibault,Caroline,40,Q.S.,4311,9.28,0
814,Chutes-de-la-Chaudière,203,203,46467,689,47156,59763,98.54,1.46,78.91,2820,Oueslati,Wafa,6,P.L.Q./Q.L.P.,2298,4.95,0
826,Côte-du-Sud,192,192,33792,445,34237,50010,98.7,1.3,68.46,2619,Rivest,Mathieu,27,C.A.Q.-E.F.L.,16116,47.69,8206
826,Côte-du-Sud,192,192,33792,445,34237,50010,98.7,1.3,68.46,2572,Poulin,Frédéric,22,P.C.Q-E.E.D.,7910,23.41,0
826,Côte-du-Sud,192,192,33792,445,34237,50010,98.7,1.3,68.46,2876,Forget,Michel,8,P.Q.,4316,12.77,0
826,Côte-du-Sud,192,192,33792,445,34237,50010,98.7,1.3,68.46,2563,Dufour,Guillaume,40,Q.S.,3154,9.33,0
826,Côte-du-Sud,192,192,33792,445,34237,50010,98.7,1.3,68.46,2832,Lemieux,Sylvain,6,P.L.Q./Q.L.P.,2132,6.31,0
826,Côte-du-Sud,192,192,33792,445,34237,50010,98.7,1.3,68.46,2568,Cloutier,Sylvain,29,E.A.,164,0.49,0
320,D'Arcy-McGee,190,190,25866,273,26139,55044,98.96,1.04,47.49,2777,Prass,Elisabeth,6,P.L.Q./Q.L.P.,13298,51.41,7621
320,D'Arcy-McGee,190,190,25866,273,26139,55044,98.96,1.04,47.49,2380,Feigenbaum,Bonnie,22,P.C.Q-E.E.D.,5677,21.95,0
320,D'Arcy-McGee,190,190,25866,273,26139,55044,98.96,1.04,47.49,2372,Pilavci,Hilal,40,Q.S.,2203,8.52,0
320,D'Arcy-McGee,190,190,25866,273,26139,55044,98.96,1.04,47.49,2304,Leblanc,Junlian,27,C.A.Q.-E.F.L.,1529,5.91,0
320,D'Arcy-McGee,190,190,25866,273,26139,55044,98.96,1.04,47.49,2688,Perez,Marc,99263,P.C.Q./C.P.Q,1285,4.97,0
320,D'Arcy-McGee,190,190,25866,273,26139,55044,98.96,1.04,47.49,2735,Lafontaine,Renée-Claude,8,P.Q.,648,2.51,0
320,D'Arcy-McGee,190,190,25866,273,26139,55044,98.96,1.04,47.49,2731,Debellefeuille,Joel,99285,B.M.-E.B.H.,613,2.37,0
320,D'Arcy-McGee,190,190,25866,273,26139,55044,98.96,1.04,47.49,2288,Seck,Moussa,10,P.V.Q./G.P.Q.,547,2.11,0
320,D'Arcy-McGee,190,190,25866,273,26139,55044,98.96,1.04,47.49,2721,Johnston,Diane,7,P.M.L.Q.,66,0.26,0
508,Deux-Montagnes,165,165,33675,505,34180,49195,98.52,1.48,69.48,2222,Charette,Benoît,27,C.A.Q.-E.F.L.,15854,47.08,10077
508,Deux-Montagnes,165,165,33675,505,34180,49195,98.52,1.48,69.48,2647,Lalonde,Guillaume,8,P.Q.,5777,17.16,0
508,Deux-Montagnes,165,165,33675,505,34180,49195,98.52,1.48,69.48,2476,Côté,Olivier,40,Q.S.,4766,14.15,0
508,Deux-Montagnes,165,165,33675,505,34180,49195,98.52,1.48,69.48,2815,Allaire,Marc,6,P.L.Q./Q.L.P.,3460,10.27,0
508,Deux-Montagnes,165,165,33675,505,34180,49195,98.52,1.48,69.48,2655,Baril,Isabelle,22,P.C.Q-E.E.D.,3308,9.82,0
508,Deux-Montagnes,165,165,33675,505,34180,49195,98.52,1.48,69.48,2767,Tagodoe,Amavi,10,P.V.Q./G.P.Q.,317,0.94,0
508,Deux-Montagnes,165,165,33675,505,34180,49195,98.52,1.48,69.48,2608,Courteau,Hélèna,99237,C.Q.,119,0.35,0
508,Deux-Montagnes,165,165,33675,505,34180,49195,98.52,1.48,69.48,2966,Dubois-Massey,Dominique,99275,U.F.F.,74,0.22,0
138,Drummond-Bois-Francs,177,177,36302,641,36943,53078,98.26,1.74,69.6,2444,Schneeberger,Sébastien,27,C.A.Q.-E.F.L.,18747,51.64,12433
138,Drummond-Bois-Francs,177,177,36302,641,36943,53078,98.26,1.74,69.6,2451,Cournoyer,Myriam,22,P.C.Q-E.E.D.,6314,17.39,0
138,Drummond-Bois-Francs,177,177,36302,641,36943,53078,98.26,1.74,69.6,2911,Couture-Picard,Emrick,8,P.Q.,5462,15.05,0
138,Drummond-Bois-Francs,177,177,36302,641,36943,53078,98.26,1.74,69.6,2684,Martel,Tony,40,Q.S.,3866,10.65,0
138,Drummond-Bois-Francs,177,177,36302,641,36943,53078,98.26,1.74,69.6,2945,Poirier,Pierre,6,P.L.Q./Q.L.P.,1455,4.01,0
138,Drummond-Bois-Francs,177,177,36302,641,36943,53078,98.26,1.74,69.6,2685,Beauchesne,Marco,10,P.V.Q./G.P.Q.,367,1.01,0
138,Drummond-Bois-Francs,177,177,36302,641,36943,53078,98.26,1.74,69.6,2924,Therion,Steve,29,E.A.,91,0.25,0
914,Dubuc,146,146,26781,396,27177,41779,98.54,1.46,65.05,2264,Tremblay,François,27,C.A.Q.-E.F.L.,15427,57.6,10728
914,Dubuc,146,146,26781,396,27177,41779,98.54,1.46,65.05,2212,Simard,Émile,8,P.Q.,4699,17.55,0
914,Dubuc,146,146,26781,396,27177,41779,98.54,1.46,65.05,2769,Pageau,Tommy,22,P.C.Q-E.E.D.,2956,11.04,0
914,Dubuc,146,146,26781,396,27177,41779,98.54,1.46,65.05,2514,Brillant,Andrée-Anne,40,Q.S.,2833,10.58,0
914,Dubuc,146,146,26781,396,27177,41779,98.54,1.46,65.05,2981,Nkuni,Berry Zinga,6,P.L.Q./Q.L.P.,666,2.49,0
914,Dubuc,146,146,26781,396,27177,41779,98.54,1.46,65.05,2322,Simard,Gilbert,99237,C.Q.,200,0.75,0
902,Duplessis,158,158,19463,282,19745,37108,98.57,1.43,53.21,2459,Champagne Jourdain,Kateri,27,C.A.Q.-E.F.L.,8785,45.14,3960
902,Duplessis,158,158,19463,282,19745,37108,98.57,1.43,53.21,2172,Vanier,Marilou,8,P.Q.,4825,24.79,0
902,Duplessis,158,158,19463,282,19745,37108,98.57,1.43,53.21,2804,Stea,Roberto,22,P.C.Q-E.E.D.,3059,15.72,0
902,Duplessis,158,158,19463,282,19745,37108,98.57,1.43,53.21,3036,Mestokosho,Uapukun,40,Q.S.,1821,9.36,0
902,Duplessis,158,158,19463,282,19745,37108,98.57,1.43,53.21,2689,Khuon,Chamroeun,6,P.L.Q./Q.L.P.,783,4.02,0
902,Duplessis,158,158,19463,282,19745,37108,98.57,1.43,53.21,2611,Gélineau,Jacques,99237,C.Q.,190,0.98,0
466,Fabre,177,177,34307,390,34697,55468,98.88,1.12,62.55,2259,Abou-Khalil,Alice,27,C.A.Q.-E.F.L.,10912,31.81,306
466,Fabre,177,177,34307,390,34697,55468,98.88,1.12,62.55,2242,Baudelot,Sonia,6,P.L.Q./Q.L.P.,10606,30.91,0
466,Fabre,177,177,34307,390,34697,55468,98.88,1.12,62.55,2555,Turmel,Stéphane,22,P.C.Q-E.E.D.,5205,15.17,0
466,Fabre,177,177,34307,390,34697,55468,98.88,1.12,62.55,2428,Léger,Jessy,40,Q.S.,3820,11.13,0
466,Fabre,177,177,34307,390,34697,55468,98.88,1.12,62.55,2788,Dansereau-Redhead,Catherine,8,P.Q.,3346,9.75,0
466,Fabre,177,177,34307,390,34697,55468,98.88,1.12,62.55,2888,Buchanan,Lynn,10,P.V.Q./G.P.Q.,418,1.22,0
854,Gaspé,134,134,18219,185,18404,30190,98.99,1.01,60.96,2699,Sainte-Croix,Stéphane,27,C.A.Q.-E.F.L.,7542,41.4,710
854,Gaspé,134,134,18219,185,18404,30190,98.99,1.01,60.96,2258,Perry Mélançon,Méganne,8,P.Q.,6832,37.5,0
854,Gaspé,134,134,18219,185,18404,30190,98.99,1.01,60.96,2791,Bonnier Viger,Yv,40,Q.S.,1634,8.97,0
854,Gaspé,134,134,18219,185,18404,30190,98.99,1.01,60.96,2887,Marin,Michel,6,P.L.Q./Q.L.P.,1255,6.89,0
854,Gaspé,134,134,18219,185,18404,30190,98.99,1.01,60.96,2806,Bouchard,Pier-Luc,22,P.C.Q-E.E.D.,956,5.25,0
614,Gatineau,217,217,36491,383,36874,62726,98.96,1.04,58.79,2510,Bussière,Robert,27,C.A.Q.-E.F.L.,17055,46.74,9918
614,Gatineau,217,217,36491,383,36874,62726,98.96,1.04,58.79,2728,Green,Caryl,6,P.L.Q./Q.L.P.,7137,19.56,0
614,Gatineau,217,217,36491,383,36874,62726,98.96,1.04,58.79,2803,Avalos,Laura,40,Q.S.,4415,12.1,0
614,Gatineau,217,217,36491,383,36874,62726,98.96,1.04,58.79,2429,Jammal,Joëlle,22,P.C.Q-E.E.D.,3927,10.76,0
614,Gatineau,217,217,36491,383,36874,62726,98.96,1.04,58.79,3008,Déry,Raphaël,8,P.Q.,3542,9.71,0
614,Gatineau,217,217,36491,383,36874,62726,98.96,1.04,58.79,2947,Velasquez,Danilo,99263,P.C.Q./C.P.Q,327,0.9,0
614,Gatineau,217,217,36491,383,36874,62726,98.96,1.04,58.79,3051,Dupuis,Robert,99286,D.D.,88,0.24,0
346,Gouin,147,147,29078,256,29334,42164,99.13,0.87,69.57,2637,Nadeau-Dubois,Gabriel,40,Q.S.,17283,59.44,13321
346,Gouin,147,147,29078,256,29334,42164,99.13,0.87,69.57,2878,Delorme,Vincent,8,P.Q.,3962,13.63,0
346,Gouin,147,147,29078,256,29334,42164,99.13,0.87,69.57,2710,Pelletier,Catherine,27,C.A.Q.-E.F.L.,3596,12.37,0
346,Gouin,147,147,29078,256,29334,42164,99.13,0.87,69.57,2931,Ikhouane,Rita,6,P.L.Q./Q.L.P.,2444,8.4,0
346,Gouin,147,147,29078,256,29334,42164,99.13,0.87,69.57,2679,Paquette Gendron,Jayson,22,P.C.Q-E.E.D.,903,3.11,0
346,Gouin,147,147,29078,256,29334,42164,99.13,0.87,69.57,2971,Vedrines,Valérie,10,P.V.Q./G.P.Q.,602,2.07,0
346,Gouin,147,147,29078,256,29334,42164,99.13,0.87,69.57,3023,Thémis,Chef,42,P.Cu.Q.,199,0.68,0
346,Gouin,147,147,29078,256,29334,42164,99.13,0.87,69.57,3019,Garneau-Bédard,Jean-Benoit,23,P.N.,89,0.31,0
206,Granby,183,183,36971,458,37429,54933,98.78,1.22,68.14,2536,Bonnardel,François,27,C.A.Q.-E.F.L.,21515,58.19,16233
206,Granby,183,183,36971,458,37429,54933,98.78,1.22,68.14,2579,Legault,Anne-Sophie,40,Q.S.,5282,14.29,0
206,Granby,183,183,36971,458,37429,54933,98.78,1.22,68.14,2570,Bouthillier,Guy,8,P.Q.,4378,11.84,0
206,Granby,183,183,36971,458,37429,54933,98.78,1.22,68.14,2650,Bernier,Stéphane,22,P.C.Q-E.E.D.,3737,10.11,0
206,Granby,183,183,36971,458,37429,54933,98.78,1.22,68.14,2642,Lamarre,Penny,6,P.L.Q./Q.L.P.,1758,4.76,0
206,Granby,183,183,36971,458,37429,54933,98.78,1.22,68.14,2782,Wisniowski,Andrzej,10,P.V.Q./G.P.Q.,263,0.71,0
206,Granby,183,183,36971,458,37429,54933,98.78,1.22,68.14,2877,Paquin,Jimmy,29,E.A.,38,0.1,0
502,Groulx,183,183,36507,422,36929,53902,98.86,1.14,68.51,2356,Girard,Eric,27,C.A.Q.-E.F.L.,17431,47.75,11512
502,Groulx,183,183,36507,422,36929,53902,98.86,1.14,68.51,2491,Aubertin,Marie-Noëlle,40,Q.S.,5919,16.21,0
502,Groulx,183,183,36507,422,36929,53902,98.86,1.14,68.51,2910,Craig-Larouche,Jeanne,8,P.Q.,5588,15.31,0
502,Groulx,183,183,36507,422,36929,53902,98.86,1.14,68.51,2894,Medaino-Tardif,Audrey,6,P.L.Q./Q.L.P.,4024,11.02,0
502,Groulx,183,183,36507,422,36929,53902,98.86,1.14,68.51,2490,Messore,Valerie,22,P.C.Q-E.E.D.,3177,8.7,0
502,Groulx,183,183,36507,422,36929,53902,98.86,1.14,68.51,2824,Shahsavar-Arshad,Victoria,10,P.V.Q./G.P.Q.,368,1.01,0
352,Hochelaga-Maisonneuve,137,137,25144,319,25463,40699,98.75,1.25,62.56,2297,Leduc,Alexandre,40,Q.S.,12784,50.84,8056
352,Hochelaga-Maisonneuve,137,137,25144,319,25463,40699,98.75,1.25,62.56,2227,McCann,Rebecca,27,C.A.Q.-E.F.L.,4728,18.8,0
352,Hochelaga-Maisonneuve,137,137,25144,319,25463,40699,98.75,1.25,62.56,2353,Fogaing,Stephan,8,P.Q.,4015,15.97,0
352,Hochelaga-Maisonneuve,137,137,25144,319,25463,40699,98.75,1.25,62.56,2972,Tchetmi,Line Flore,6,P.L.Q./Q.L.P.,1957,7.78,0
352,Hochelaga-Maisonneuve,137,137,25144,319,25463,40699,98.75,1.25,62.56,2432,Poudrier,Louise,22,P.C.Q-E.E.D.,1161,4.62,0
352,Hochelaga-Maisonneuve,137,137,25144,319,25463,40699,98.75,1.25,62.56,3010,Chouchene,Wejden,10,P.V.Q./G.P.Q.,337,1.34,0
352,Hochelaga-Maisonneuve,137,137,25144,319,25463,40699,98.75,1.25,62.56,2906,Strayer,James,99237,C.Q.,84,0.33,0
352,Hochelaga-Maisonneuve,137,137,25144,319,25463,40699,98.75,1.25,62.56,2630,Dandenault,Christine,7,P.M.L.Q.,78,0.31,0
602,Hull,193,193,31925,375,32300,55751,98.84,1.16,57.94,2355,Tremblay,Suzanne,27,C.A.Q.-E.F.L.,11060,34.64,2784
602,Hull,193,193,31925,375,32300,55751,98.84,1.16,57.94,2449,Gaudreault,Maryse,6,P.L.Q./Q.L.P.,8276,25.92,0
602,Hull,193,193,31925,375,32300,55751,98.84,1.16,57.94,2591,Perron-Dufour,Mathieu,40,Q.S.,6623,20.75,0
602,Hull,193,193,31925,375,32300,55751,98.84,1.16,57.94,2508,Pellerin-Forget,Camille,8,P.Q.,3122,9.78,0
602,Hull,193,193,31925,375,32300,55751,98.84,1.16,57.94,2853,Couture,Lise,22,P.C.Q-E.E.D.,2189,6.86,0
602,Hull,193,193,31925,375,32300,55751,98.84,1.16,57.94,2725,Jemmah,Rachid,10,P.V.Q./G.P.Q.,655,2.05,0
216,Huntingdon,158,158,29294,384,29678,46178,98.71,1.29,64.27,2716,Mallette,Carole,27,C.A.Q.-E.F.L.,13664,46.64,9450
216,Huntingdon,158,158,29294,384,29678,46178,98.71,1.29,64.27,2711,Poissant,Jean-Claude,6,P.L.Q./Q.L.P.,4214,14.39,0
216,Huntingdon,158,158,29294,384,29678,46178,98.71,1.29,64.27,2831,Gagnon,François,22,P.C.Q-E.E.D.,3923,13.39,0
216,Huntingdon,158,158,29294,384,29678,46178,98.71,1.29,64.27,2994,Leblanc,Nathan,8,P.Q.,3522,12.02,0
216,Huntingdon,158,158,29294,384,29678,46178,98.71,1.29,64.27,2856,Perras,Emmanuelle,40,Q.S.,3265,11.15,0
216,Huntingdon,158,158,29294,384,29678,46178,98.71,1.29,64.27,2855,Bro,José,10,P.V.Q./G.P.Q.,367,1.25,0
216,Huntingdon,158,158,29294,384,29678,46178,98.71,1.29,64.27,3018,Frizzell,Raymond,99263,P.C.Q./C.P.Q,339,1.16,0
210,Iberville,169,169,34288,564,34852,49629,98.38,1.62,70.23,2325,Bogemans,Audrey,27,C.A.Q.-E.F.L.,18223,53.15,12996
210,Iberville,169,169,34288,564,34852,49629,98.38,1.62,70.23,2540,Côté,Jean-Alexandre,8,P.Q.,5227,15.24,0
210,Iberville,169,169,34288,564,34852,49629,98.38,1.62,70.23,2327,Jetten-Vigeant,Philippe,40,Q.S.,4703,13.72,0
210,Iberville,169,169,34288,564,34852,49629,98.38,1.62,70.23,2493,Casabonne,Anne,22,P.C.Q-E.E.D.,3863,11.27,0
210,Iberville,169,169,34288,564,34852,49629,98.38,1.62,70.23,2601,Trinque,Steve,6,P.L.Q./Q.L.P.,1934,5.64,0
210,Iberville,169,169,34288,564,34852,49629,98.38,1.62,70.23,2964,Brassard,Philippe,99237,C.Q.,257,0.75,0
210,Iberville,169,169,34288,564,34852,49629,98.38,1.62,70.23,2802,Cléroux,Jean-Charles,99286,D.D.,81,0.24,0
858,Îles-de-la-Madeleine,53,53,8364,88,8452,11159,98.96,1.04,75.74,2381,Arseneau,Joël,8,P.Q.,3877,46.35,539
858,Îles-de-la-Madeleine,53,53,8364,88,8452,11159,98.96,1.04,75.74,2348,Lapierre,Jonathan,27,C.A.Q.-E.F.L.,3338,39.91,0
858,Îles-de-la-Madeleine,53,53,8364,88,8452,11159,98.96,1.04,75.74,2916,Thériault,Gil,6,P.L.Q./Q.L.P.,606,7.25,0
858,Îles-de-la-Madeleine,53,53,8364,88,8452,11159,98.96,1.04,75.74,2560,Déraspe,Jean-Philippe,40,Q.S.,450,5.38,0
858,Îles-de-la-Madeleine,53,53,8364,88,8452,11159,98.96,1.04,75.74,3000,Leblanc,Evan,22,P.C.Q-E.E.D.,93,1.11,0
310,Jacques-Cartier,163,163,29022,190,29212,46245,99.35,0.65,63.17,2547,Kelley,Gregory,6,P.L.Q./Q.L.P.,18158,62.57,14898
310,Jacques-Cartier,163,163,29022,190,29212,46245,99.35,0.65,63.17,2473,Fortier,Louis-Charles,22,P.C.Q-E.E.D.,3260,11.23,0
310,Jacques-Cartier,163,163,29022,190,29212,46245,99.35,0.65,63.17,2660,Guénard-Chouinard,Rébecca,27,C.A.Q.-E.F.L.,2735,9.42,0
310,Jacques-Cartier,163,163,29022,190,29212,46245,99.35,0.65,63.17,2764,Fischer,Arthur,99263,P.C.Q./C.P.Q,1462,5.04,0
310,Jacques-Cartier,163,163,29022,190,29212,46245,99.35,0.65,63.17,2648,Mathieu,Marie-Ève,40,Q.S.,1456,5.02,0
310,Jacques-Cartier,163,163,29022,190,29212,46245,99.35,0.65,63.17,2282,Beaudet,Virginie,10,P.V.Q./G.P.Q.,1074,3.7,0
310,Jacques-Cartier,163,163,29022,190,29212,46245,99.35,0.65,63.17,2884,Beauregard,Chantal,8,P.Q.,877,3.02,0
736,Jean-Lesage,161,161,30154,419,30573,45399,98.63,1.37,67.34,2504,Zanetti,Sol,40,Q.S.,11390,37.77,1964
736,Jean-Lesage,161,161,30154,419,30573,45399,98.63,1.37,67.34,2405,Gamache,Christiane,27,C.A.Q.-E.F.L.,9426,31.26,0
736,Jean-Lesage,161,161,30154,419,30573,45399,98.63,1.37,67.34,2532,Peter,Denise,22,P.C.Q-E.E.D.,4258,14.12,0
736,Jean-Lesage,161,161,30154,419,30573,45399,98.63,1.37,67.34,2374,Potvin,Michaël,8,P.Q.,3337,11.07,0
736,Jean-Lesage,161,161,30154,419,30573,45399,98.63,1.37,67.34,2889,Robert,Charles,6,P.L.Q./Q.L.P.,1326,4.4,0
736,Jean-Lesage,161,161,30154,419,30573,45399,98.63,1.37,67.34,2383,Bérubé-Simard,Félix-Antoine,10,P.V.Q./G.P.Q.,237,0.79,0
736,Jean-Lesage,161,161,30154,419,30573,45399,98.63,1.37,67.34,3053,Ledoux,Mario,99237,C.Q.,67,0.22,0
736,Jean-Lesage,161,161,30154,419,30573,45399,98.63,1.37,67.34,2445,Moreau,Claude,7,P.M.L.Q.,57,0.19,0
736,Jean-Lesage,161,161,30154,419,30573,45399,98.63,1.37,67.34,2561,Perreault,Lucie,99286,D.D.,56,0.19,0
364,Jeanne-Mance-Viger,165,165,26834,495,27329,49683,98.19,1.81,55.01,2409,Rotiroti,Filomena,6,P.L.Q./Q.L.P.,14471,53.93,10016
364,Jeanne-Mance-Viger,165,165,26834,495,27329,49683,98.19,1.81,55.01,2883,De Martino,Julie,27,C.A.Q.-E.F.L.,4455,16.6,0
364,Jeanne-Mance-Viger,165,165,26834,495,27329,49683,98.19,1.81,55.01,2412,Saad,Chakib,22,P.C.Q-E.E.D.,3113,11.6,0
364,Jeanne-Mance-Viger,165,165,26834,495,27329,49683,98.19,1.81,55.01,2833,Forget,Marie-Josée,40,Q.S.,2858,10.65,0
364,Jeanne-Mance-Viger,165,165,26834,495,27329,49683,98.19,1.81,55.01,3057,Massey,Laurence,8,P.Q.,1122,4.18,0
364,Jeanne-Mance-Viger,165,165,26834,495,27329,49683,98.19,1.81,55.01,2937,Manfredi,Giovanni,99263,P.C.Q./C.P.Q,496,1.85,0
364,Jeanne-Mance-Viger,165,165,26834,495,27329,49683,98.19,1.81,55.01,3059,Szilagyi,Alessandra,10,P.V.Q./G.P.Q.,319,1.19,0
702,Jean-Talon,182,182,34164,337,34501,46714,99.02,0.98,73.86,2292,Boutin,Joëlle,27,C.A.Q.-E.F.L.,11105,32.5,2988
702,Jean-Talon,182,182,34164,337,34501,46714,99.02,0.98,73.86,2529,Bolduc,Olivier,40,Q.S.,8117,23.76,0
702,Jean-Talon,182,182,34164,337,34501,46714,99.02,0.98,73.86,2197,Coulombe,Gabriel,8,P.Q.,6386,18.69,0
702,Jean-Talon,182,182,34164,337,34501,46714,99.02,0.98,73.86,2704,White,Julie,6,P.L.Q./Q.L.P.,4616,13.51,0
702,Jean-Talon,182,182,34164,337,34501,46714,99.02,0.98,73.86,2783,Clavet,Sébastien,22,P.C.Q-E.E.D.,3541,10.36,0
702,Jean-Talon,182,182,34164,337,34501,46714,99.02,0.98,73.86,2885,Dallaire,Alexandre,10,P.V.Q./G.P.Q.,262,0.77,0
702,Jean-Talon,182,182,34164,337,34501,46714,99.02,0.98,73.86,3031,Cardinal,Julien,99237,C.Q.,93,0.27,0
702,Jean-Talon,182,182,34164,337,34501,46714,99.02,0.98,73.86,2525,Pouleur,Stéphane,29,E.A.,44,0.13,0
126,Johnson,207,207,41800,763,42563,62928,98.21,1.79,67.64,2393,Lamontagne,André,27,C.A.Q.-E.F.L.,21944,52.5,15621
126,Johnson,207,207,41800,763,42563,62928,98.21,1.79,67.64,2631,Daneau,Luce,22,P.C.Q-E.E.D.,6323,15.13,0
126,Johnson,207,207,41800,763,42563,62928,98.21,1.79,67.64,2890,Poirier,Jérémie,8,P.Q.,6024,14.41,0
126,Johnson,207,207,41800,763,42563,62928,98.21,1.79,67.64,2434,Mongeau,Nancy,40,Q.S.,5769,13.8,0
126,Johnson,207,207,41800,763,42563,62928,98.21,1.79,67.64,2850,Younoussa,Mounirou,6,P.L.Q./Q.L.P.,1469,3.51,0
126,Johnson,207,207,41800,763,42563,62928,98.21,1.79,67.64,2798,Courtemanche,Cindy,99286,D.D.,271,0.65,0
570,Joliette,221,221,39330,680,40010,57352,98.3,1.7,69.76,2269,St-Louis,François,27,C.A.Q.-E.F.L.,17925,45.58,5644
570,Joliette,221,221,39330,680,40010,57352,98.3,1.7,69.76,2541,Venne,Véronique,8,P.Q.,12281,31.23,0
570,Joliette,221,221,39330,680,40010,57352,98.3,1.7,69.76,2215,Trudel,Flavie,40,Q.S.,4476,11.38,0
570,Joliette,221,221,39330,680,40010,57352,98.3,1.7,69.76,2321,Laurin,Pascal,22,P.C.Q-E.E.D.,3470,8.82,0
570,Joliette,221,221,39330,680,40010,57352,98.3,1.7,69.76,3060,Crispin,Diana Mélissa,6,P.L.Q./Q.L.P.,1178,3.0,0
922,Jonquière,160,160,30637,387,31024,45320,98.75,1.25,68.46,2407,Gagnon,Yannick,27,C.A.Q.-E.F.L.,18196,59.39,12284
922,Jonquière,160,160,30637,387,31024,45320,98.75,1.25,68.46,2188,Dubé,Caroline,8,P.Q.,5912,19.3,0
922,Jonquière,160,160,30637,387,31024,45320,98.75,1.25,68.46,2417,Champagne,Isabelle,22,P.C.Q-E.E.D.,2926,9.55,0
922,Jonquière,160,160,30637,387,31024,45320,98.75,1.25,68.46,2748,Garcia Martinez,Karla Cynthia,40,Q.S.,2778,9.07,0
922,Jonquière,160,160,30637,387,31024,45320,98.75,1.25,68.46,2959,Solon,Wilda,6,P.L.Q./Q.L.P.,648,2.12,0
922,Jonquière,160,160,30637,387,31024,45320,98.75,1.25,68.46,2948,Bélanger,Line,23,P.N.,177,0.58,0
594,Labelle,185,185,33272,622,33894,52028,98.16,1.84,65.15,2520,Jeannotte,Chantale,27,C.A.Q.-E.F.L.,17662,53.08,11296
594,Labelle,185,185,33272,622,33894,52028,98.16,1.84,65.15,2200,Corbeil,Daniel,8,P.Q.,6366,19.13,0
594,Labelle,185,185,33272,622,33894,52028,98.16,1.84,65.15,2882,Roy,Jasmine,40,Q.S.,4079,12.26,0
594,Labelle,185,185,33272,622,33894,52028,98.16,1.84,65.15,2760,Paquin,Claude,22,P.C.Q-E.E.D.,3173,9.54,0
594,Labelle,185,185,33272,622,33894,52028,98.16,1.84,65.15,2934,Bélizaire,Annie,6,P.L.Q./Q.L.P.,1679,5.05,0
594,Labelle,185,185,33272,622,33894,52028,98.16,1.84,65.15,2722,Beauchamp,François,99237,C.Q.,313,0.94,0
926,Lac-Saint-Jean,156,156,28752,601,29353,43691,97.95,2.05,67.18,2310,Girard,Eric,27,C.A.Q.-E.F.L.,14798,51.47,7431
926,Lac-Saint-Jean,156,156,28752,601,29353,43691,97.95,2.05,67.18,2308,Fradette,William,8,P.Q.,7367,25.62,0
926,Lac-Saint-Jean,156,156,28752,601,29353,43691,97.95,2.05,67.18,2790,Martel,Luc,22,P.C.Q-E.E.D.,3270,11.37,0
926,Lac-Saint-Jean,156,156,28752,601,29353,43691,97.95,2.05,67.18,2528,Moulin,Elsa,40,Q.S.,2178,7.58,0
926,Lac-Saint-Jean,156,156,28752,601,29353,43691,97.95,2.05,67.18,2897,Murray,Tricia,6,P.L.Q./Q.L.P.,867,3.02,0
926,Lac-Saint-Jean,156,156,28752,601,29353,43691,97.95,2.05,67.18,2349,Lavoie,Martin,99237,C.Q.,156,0.54,0
926,Lac-Saint-Jean,156,156,28752,601,29353,43691,97.95,2.05,67.18,2492,Villeneuve,Chantale,99291,P.Li.Q.,116,0.4,0
390,LaFontaine,148,148,25929,374,26303,42199,98.58,1.42,62.33,2743,Tanguay,Marc,6,P.L.Q./Q.L.P.,13398,51.67,8209
390,LaFontaine,148,148,25929,374,26303,42199,98.58,1.42,62.33,2419,Bacchi,Loredana,27,C.A.Q.-E.F.L.,5189,20.01,0
390,LaFontaine,148,148,25929,374,26303,42199,98.58,1.42,62.33,2569,Madih,Yassir,22,P.C.Q-E.E.D.,3406,13.14,0
390,LaFontaine,148,148,25929,374,26303,42199,98.58,1.42,62.33,2522,B-Godbout,Anne,40,Q.S.,2301,8.87,0
390,LaFontaine,148,148,25929,374,26303,42199,98.58,1.42,62.33,2952,Vermette-Tassoni,Shawn,8,P.Q.,1322,5.1,0
390,LaFontaine,148,148,25929,374,26303,42199,98.58,1.42,62.33,2819,Brunet,Quinn,10,P.V.Q./G.P.Q.,313,1.21,0
720,La Peltrie,200,200,44448,579,45027,61092,98.71,1.29,73.7,2319,Caire,Éric,27,C.A.Q.-E.F.L.,19714,44.35,6423
720,La Peltrie,200,200,44448,579,45027,61092,98.71,1.29,73.7,2527,Lachance,Stéphane,22,P.C.Q-E.E.D.,13291,29.9,0
720,La Peltrie,200,200,44448,579,45027,61092,98.71,1.29,73.7,2818,Trudel,Martin,8,P.Q.,4415,9.93,0
720,La Peltrie,200,200,44448,579,45027,61092,98.71,1.29,73.7,2600,Villeneuve,Lucie,40,Q.S.,3954,8.9,0
720,La Peltrie,200,200,44448,579,45027,61092,98.71,1.29,73.7,2933,Doumalin,Frédéric,6,P.L.Q./Q.L.P.,2517,5.66,0
720,La Peltrie,200,200,44448,579,45027,61092,98.71,1.29,73.7,2750,Riedo,Sandra Mara,10,P.V.Q./G.P.Q.,289,0.65,0
720,La Peltrie,200,200,44448,579,45027,61092,98.71,1.29,73.7,3046,Grondin,Olivier,23,P.N.,151,0.34,0
720,La Peltrie,200,200,44448,579,45027,61092,98.71,1.29,73.7,3012,Fortin,Alain,99237,C.Q.,71,0.16,0
720,La Peltrie,200,200,44448,579,45027,61092,98.71,1.29,73.7,2809,Grand'Maison,Martin,99286,D.D.,46,0.1,0
236,La Pinière,185,185,32950,301,33251,55509,99.09,0.91,59.9,2692,Caron,Linda,6,P.L.Q./Q.L.P.,12688,38.51,2416
236,La Pinière,185,185,32950,301,33251,55509,99.09,0.91,59.9,2495,Gatien,Samuel,27,C.A.Q.-E.F.L.,10272,31.17,0
236,La Pinière,185,185,32950,301,33251,55509,99.09,0.91,59.9,2430,Bratkova,Tzarevna,22,P.C.Q-E.E.D.,3345,10.15,0
236,La Pinière,185,185,32950,301,33251,55509,99.09,0.91,59.9,2635,Mugaba,Jean-Claude,40,Q.S.,3301,10.02,0
236,La Pinière,185,185,32950,301,33251,55509,99.09,0.91,59.9,2681,Gagnon,Suzanne,8,P.Q.,2577,7.82,0
236,La Pinière,185,185,32950,301,33251,55509,99.09,0.91,59.9,3055,Newbergher,Ryan Akshay,10,P.V.Q./G.P.Q.,396,1.2,0
236,La Pinière,185,185,32950,301,33251,55509,99.09,0.91,59.9,2950,Pinel,Donna,99263,P.C.Q./C.P.Q,371,1.13,0
244,Laporte,187,187,33687,394,34081,53217,98.84,1.16,64.04,2460,Poulet,Isabelle,27,C.A.Q.-E.F.L.,10361,30.76,654
244,Laporte,187,187,33687,394,34081,53217,98.84,1.16,64.04,2466,Gratton,Mathieu,6,P.L.Q./Q.L.P.,9707,28.82,0
244,Laporte,187,187,33687,394,34081,53217,98.84,1.16,64.04,2223,Lefrançois,Claude,40,Q.S.,5968,17.72,0
244,Laporte,187,187,33687,394,34081,53217,98.84,1.16,64.04,2799,Orihuela-Bouchard,Soledad,8,P.Q.,4108,12.19,0
244,Laporte,187,187,33687,394,34081,53217,98.84,1.16,64.04,2220,Latreille,Evelyne,22,P.C.Q-E.E.D.,2488,7.39,0
244,Laporte,187,187,33687,394,34081,53217,98.84,1.16,64.04,2360,Charest,Jean-Philippe,10,P.V.Q./G.P.Q.,497,1.48,0
244,Laporte,187,187,33687,394,34081,53217,98.84,1.16,64.04,2904,Fremont,Herby,99263,P.C.Q./C.P.Q,445,1.32,0
244,Laporte,187,187,33687,394,34081,53217,98.84,1.16,64.04,2794,Parent,Ian,99237,C.Q.,113,0.34,0
232,La Prairie,161,161,34583,330,34913,48158,99.05,0.95,72.5,2394,Dubé,Christian,27,C.A.Q.-E.F.L.,18229,52.71,13438
232,La Prairie,161,161,34583,330,34913,48158,99.05,0.95,72.5,2990,Guertin,Julie,6,P.L.Q./Q.L.P.,4791,13.85,0
232,La Prairie,161,161,34583,330,34913,48158,99.05,0.95,72.5,2752,Allaire-Daly,Pierre-Marc,40,Q.S.,4531,13.1,0
232,La Prairie,161,161,34583,330,34913,48158,99.05,0.95,72.5,2589,Joly-Simard,Sarah,8,P.Q.,3950,11.42,0
232,La Prairie,161,161,34583,330,34913,48158,99.05,0.95,72.5,2526,Pelletier,Marie,22,P.C.Q-E.E.D.,2751,7.95,0
232,La Prairie,161,161,34583,330,34913,48158,99.05,0.95,72.5,2776,Joannette,Barbara,99237,C.Q.,281,0.81,0
232,La Prairie,161,161,34583,330,34913,48158,99.05,0.95,72.5,2674,Chouinard,Normand,7,P.M.L.Q.,50,0.14,0
554,L'Assomption,156,156,31790,462,32252,45587,98.57,1.43,70.75,2249,Legault,François,27,C.A.Q.-E.F.L.,18637,58.63,14084
554,L'Assomption,156,156,31790,462,32252,45587,98.57,1.43,70.75,2512,Lefebvre,Martin,40,Q.S.,4553,14.32,0
554,L'Assomption,156,156,31790,462,32252,45587,98.57,1.43,70.75,2272,Provost,Catherine,8,P.Q.,4370,13.75,0
554,L'Assomption,156,156,31790,462,32252,45587,98.57,1.43,70.75,2392,Almeida,Ernesto,22,P.C.Q-E.E.D.,2424,7.63,0
554,L'Assomption,156,156,31790,462,32252,45587,98.57,1.43,70.75,2895,Ano-Dumas,Thomas,6,P.L.Q./Q.L.P.,1806,5.68,0
344,Laurier-Dorion,150,150,27303,391,27694,44943,98.59,1.41,61.62,2424,Fontecilla,Andrés,40,Q.S.,13323,48.8,7979
344,Laurier-Dorion,150,150,27303,391,27694,44943,98.59,1.41,61.62,2739,Awasti,Deepak,6,P.L.Q./Q.L.P.,5344,19.57,0
344,Laurier-Dorion,150,150,27303,391,27694,44943,98.59,1.41,61.62,2422,Marcoux,Vicki,27,C.A.Q.-E.F.L.,3203,11.73,0
344,Laurier-Dorion,150,150,27303,391,27694,44943,98.59,1.41,61.62,2423,Larochelle,Maxime,8,P.Q.,2800,10.26,0
344,Laurier-Dorion,150,150,27303,391,27694,44943,98.59,1.41,61.62,2686,Diotte,Guy,22,P.C.Q-E.E.D.,1512,5.54,0
344,Laurier-Dorion,150,150,27303,391,27694,44943,98.59,1.41,61.62,2736,Khan,Amir,99285,B.M.-E.B.H.,480,1.76,0
344,Laurier-Dorion,150,150,27303,391,27694,44943,98.59,1.41,61.62,2703,Marega,Ismaila,10,P.V.Q./G.P.Q.,332,1.22,0
344,Laurier-Dorion,150,150,27303,391,27694,44943,98.59,1.41,61.62,3014,Villeneuve,Amélie,42,P.Cu.Q.,157,0.58,0
344,Laurier-Dorion,150,150,27303,391,27694,44943,98.59,1.41,61.62,2995,Marcil,Mathieu,23,P.N.,77,0.28,0
344,Laurier-Dorion,150,150,27303,391,27694,44943,98.59,1.41,61.62,2678,Van Duyse,Anthony,99237,C.Q.,75,0.27,0
454,Laval-des-Rapides,184,184,33230,500,33730,54861,98.52,1.48,61.48,2313,Haytayan,Céline,27,C.A.Q.-E.F.L.,10599,31.9,1053
454,Laval-des-Rapides,184,184,33230,500,33730,54861,98.52,1.48,61.48,2516,Polo,Saul,6,P.L.Q./Q.L.P.,9546,28.73,0
454,Laval-des-Rapides,184,184,33230,500,33730,54861,98.52,1.48,61.48,2437,Chevalier,Josée,40,Q.S.,5542,16.68,0
454,Laval-des-Rapides,184,184,33230,500,33730,54861,98.52,1.48,61.48,2913,Fiola,Andréanne,8,P.Q.,4293,12.92,0
454,Laval-des-Rapides,184,184,33230,500,33730,54861,98.52,1.48,61.48,2488,Lussier-Clément,Nicolas,22,P.C.Q-E.E.D.,2852,8.58,0
454,Laval-des-Rapides,184,184,33230,500,33730,54861,98.52,1.48,61.48,2567,Damergi,Zied,10,P.V.Q./G.P.Q.,398,1.2,0
670,Laviolette-Saint-Maurice,206,206,37543,497,38040,59400,98.69,1.31,64.04,2336,Tardif,Marie-Louise,27,C.A.Q.-E.F.L.,19418,51.72,13131
670,Laviolette-Saint-Maurice,206,206,37543,497,38040,59400,98.69,1.31,64.04,2675,Tremblay,Pierre-David,22,P.C.Q-E.E.D.,6287,16.75,0
670,Laviolette-Saint-Maurice,206,206,37543,497,38040,59400,98.69,1.31,64.04,2406,Bastarache,Pascal,8,P.Q.,6010,16.01,0
670,Laviolette-Saint-Maurice,206,206,37543,497,38040,59400,98.69,1.31,64.04,2562,Lavigne,France,40,Q.S.,3568,9.5,0
670,Laviolette-Saint-Maurice,206,206,37543,497,38040,59400,98.69,1.31,64.04,2673,Nzoula-Mendome,Kévin,6,P.L.Q./Q.L.P.,1875,4.99,0
670,Laviolette-Saint-Maurice,206,206,37543,497,38040,59400,98.69,1.31,64.04,3017,Berthiaume,Jean-Patrick,0,Ind,137,0.36,0
670,Laviolette-Saint-Maurice,206,206,37543,497,38040,59400,98.69,1.31,64.04,2879,Parent,Raoul,99275,U.F.F.,126,0.34,0
670,Laviolette-Saint-Maurice,206,206,37543,497,38040,59400,98.69,1.31,64.04,3049,St-Georges,Josée,99293,A.F.C.,122,0.32,0
530,Les Plaines,139,139,27544,494,28038,41484,98.24,1.76,67.59,2354,Lecours,Lucie,27,C.A.Q.-E.F.L.,13922,50.54,9478
530,Les Plaines,139,139,27544,494,28038,41484,98.24,1.76,67.59,2627,Ouellette,Normand,8,P.Q.,4444,16.13,0
530,Les Plaines,139,139,27544,494,28038,41484,98.24,1.76,67.59,2352,Leblanc,Richard Jr,40,Q.S.,3668,13.32,0
530,Les Plaines,139,139,27544,494,28038,41484,98.24,1.76,67.59,2214,Lavallée,Ian,22,P.C.Q-E.E.D.,3333,12.1,0
530,Les Plaines,139,139,27544,494,28038,41484,98.24,1.76,67.59,2872,Stavrakakis,Elizabeth,6,P.L.Q./Q.L.P.,1895,6.88,0
530,Les Plaines,139,139,27544,494,28038,41484,98.24,1.76,67.59,2953,Benmoumene,Mohamed,10,P.V.Q./G.P.Q.,282,1.02,0
818,Lévis,185,185,36997,511,37508,50875,98.64,1.36,73.73,2207,Drainville,Bernard,27,C.A.Q.-E.F.L.,18051,48.79,10374
818,Lévis,185,185,36997,511,37508,50875,98.64,1.36,73.73,2511,Laflamme,Karine,22,P.C.Q-E.E.D.,7677,20.75,0
818,Lévis,185,185,36997,511,37508,50875,98.64,1.36,73.73,2757,Morel,Pierre-Gilles,8,P.Q.,4775,12.91,0
818,Lévis,185,185,36997,511,37508,50875,98.64,1.36,73.73,2260,Cayouette-Guilloteau,Valérie,40,Q.S.,4244,11.47,0
818,Lévis,185,185,36997,511,37508,50875,98.64,1.36,73.73,3002,Garon,Richard,6,P.L.Q./Q.L.P.,1899,5.13,0
818,Lévis,185,185,36997,511,37508,50875,98.64,1.36,73.73,2753,Lahlou,Mehdi,10,P.V.Q./G.P.Q.,213,0.58,0
818,Lévis,185,185,36997,511,37508,50875,98.64,1.36,73.73,3039,Voyer,André,99237,C.Q.,138,0.37,0
810,Lotbinière-Frontenac,209,209,41929,565,42494,57531,98.67,1.33,73.86,2300,Lecours,Isabelle,27,C.A.Q.-E.F.L.,18330,43.72,4827
810,Lotbinière-Frontenac,209,209,41929,565,42494,57531,98.67,1.33,73.86,2421,Gauthier,Christian,22,P.C.Q-E.E.D.,13503,32.2,0
810,Lotbinière-Frontenac,209,209,41929,565,42494,57531,98.67,1.33,73.86,2301,Gilbert,Christine,40,Q.S.,3925,9.36,0
810,Lotbinière-Frontenac,209,209,41929,565,42494,57531,98.67,1.33,73.86,2299,Marchand,Louise,8,P.Q.,3688,8.8,0
810,Lotbinière-Frontenac,209,209,41929,565,42494,57531,98.67,1.33,73.86,2694,Côté,Normand,6,P.L.Q./Q.L.P.,2483,5.92,0
708,Louis-Hébert,164,164,37710,310,38020,46888,99.18,0.82,81.09,2506,Guilbault,Geneviève,27,C.A.Q.-E.F.L.,17803,47.21,11575
708,Louis-Hébert,164,164,37710,310,38020,46888,99.18,0.82,81.09,2471,Dubuc,Victor,8,P.Q.,6228,16.52,0
708,Louis-Hébert,164,164,37710,310,38020,46888,99.18,0.82,81.09,2858,Robitaille,Marika,22,P.C.Q-E.E.D.,5509,14.61,0
708,Louis-Hébert,164,164,37710,310,38020,46888,99.18,0.82,81.09,2470,Lachance,Steven,40,Q.S.,4537,12.03,0
708,Louis-Hébert,164,164,37710,310,38020,46888,99.18,0.82,81.09,2754,Cardinal,Dominic,6,P.L.Q./Q.L.P.,3283,8.71,0
708,Louis-Hébert,164,164,37710,310,38020,46888,99.18,0.82,81.09,2597,Vendette,Daydree,10,P.V.Q./G.P.Q.,285,0.76,0
708,Louis-Hébert,164,164,37710,310,38020,46888,99.18,0.82,81.09,2800,Hamel,Jean-Pierre,99286,D.D.,33,0.09,0
708,Louis-Hébert,164,164,37710,310,38020,46888,99.18,0.82,81.09,2869,Brochu,Yolaine,29,E.A.,32,0.08,0
304,Marguerite-Bourgeoys,174,174,28216,382,28598,52274,98.66,1.34,54.71,2189,Beauchemin,Fred,6,P.L.Q./Q.L.P.,12635,44.78,6102
304,Marguerite-Bourgeoys,174,174,28216,382,28598,52274,98.66,1.34,54.71,2248,Michaud,Vicky,27,C.A.Q.-E.F.L.,6533,23.15,0
304,Marguerite-Bourgeoys,174,174,28216,382,28598,52274,98.66,1.34,54.71,2713,Drakul,Aleksa,22,P.C.Q-E.E.D.,3103,11.0,0
304,Marguerite-Bourgeoys,174,174,28216,382,28598,52274,98.66,1.34,54.71,2192,Lavoie,Angélique Soleil,40,Q.S.,2898,10.27,0
304,Marguerite-Bourgeoys,174,174,28216,382,28598,52274,98.66,1.34,54.71,2586,Tremblay,Suzanne,8,P.Q.,1966,6.97,0
304,Marguerite-Bourgeoys,174,174,28216,382,28598,52274,98.66,1.34,54.71,2989,Clarke,Keeton,99285,B.M.-E.B.H.,549,1.95,0
304,Marguerite-Bourgeoys,174,174,28216,382,28598,52274,98.66,1.34,54.71,3028,Thériault,Carole,10,P.V.Q./G.P.Q.,409,1.45,0
304,Marguerite-Bourgeoys,174,174,28216,382,28598,52274,98.66,1.34,54.71,2996,Bellemare,Serge,99237,C.Q.,123,0.44,0
246,Marie-Victorin,151,151,27820,418,28238,45810,98.52,1.48,61.64,2275,Dorismond,Shirley,27,C.A.Q.-E.F.L.,9212,33.11,2299
246,Marie-Victorin,151,151,27820,418,28238,45810,98.52,1.48,61.64,2326,Nantel,Pierre,8,P.Q.,6913,24.85,0
246,Marie-Victorin,151,151,27820,418,28238,45810,98.52,1.48,61.64,2171,Vaithyanathasarma,Shophika,40,Q.S.,6307,22.67,0
246,Marie-Victorin,151,151,27820,418,28238,45810,98.52,1.48,61.64,2606,Chekal,Lyes,6,P.L.Q./Q.L.P.,2793,10.04,0
246,Marie-Victorin,151,151,27820,418,28238,45810,98.52,1.48,61.64,2578,Stillo,Lara,22,P.C.Q-E.E.D.,1952,7.02,0
246,Marie-Victorin,151,151,27820,418,28238,45810,98.52,1.48,61.64,2607,Aquin-Belleau,Vincent,10,P.V.Q./G.P.Q.,308,1.11,0
246,Marie-Victorin,151,151,27820,418,28238,45810,98.52,1.48,61.64,2577,Ouellet,Martine,99237,C.Q.,260,0.93,0
246,Marie-Victorin,151,151,27820,418,28238,45810,98.52,1.48,61.64,2640,Chénier,Pierre,7,P.M.L.Q.,48,0.17,0
246,Marie-Victorin,151,151,27820,418,28238,45810,98.52,1.48,61.64,2206,Portron,Florent,29,E.A.,27,0.1,0
306,Marquette,157,157,26224,294,26518,45472,98.89,1.11,58.32,2316,Ciccone,Enrico,6,P.L.Q./Q.L.P.,12255,46.73,6533
306,Marquette,157,157,26224,294,26518,45472,98.89,1.11,58.32,2270,Baaklini,Marc,27,C.A.Q.-E.F.L.,5722,21.82,0
306,Marquette,157,157,26224,294,26518,45472,98.89,1.11,58.32,2507,Côté,Jérémy,40,Q.S.,2956,11.27,0
306,Marquette,157,157,26224,294,26518,45472,98.89,1.11,58.32,2609,Nassr,Sam,22,P.C.Q-E.E.D.,2395,9.13,0
306,Marquette,157,157,26224,294,26518,45472,98.89,1.11,58.32,2860,Richard,Stéphane,8,P.Q.,2114,8.06,0
306,Marquette,157,157,26224,294,26518,45472,98.89,1.11,58.32,2518,Jauffur,Shameem,10,P.V.Q./G.P.Q.,682,2.6,0
306,Marquette,157,157,26224,294,26518,45472,98.89,1.11,58.32,2564,Vincent Ardea,Félix,0,Ind,100,0.38,0
666,Maskinongé,152,152,31953,491,32444,45975,98.49,1.51,70.57,2431,Allaire,Simon,27,C.A.Q.-E.F.L.,17096,53.5,11965
666,Maskinongé,152,152,31953,491,32444,45975,98.49,1.51,70.57,2286,Noël,Serge,22,P.C.Q-E.E.D.,5131,16.06,0
666,Maskinongé,152,152,31953,491,32444,45975,98.49,1.51,70.57,2770,Gélinas,Dominique,8,P.Q.,4519,14.14,0
666,Maskinongé,152,152,31953,491,32444,45975,98.49,1.51,70.57,2657,Piotte,Simon,40,Q.S.,3162,9.9,0
666,Maskinongé,152,152,31953,491,32444,45975,98.49,1.51,70.57,2651,Malenfant-Veilleux,Alexandra,6,P.L.Q./Q.L.P.,1619,5.07,0
666,Maskinongé,152,152,31953,491,32444,45975,98.49,1.51,70.57,3030,Simon,Daniel,10,P.V.Q./G.P.Q.,227,0.71,0
666,Maskinongé,152,152,31953,491,32444,45975,98.49,1.51,70.57,2930,Boisvert,Françoise,99275,U.F.F.,90,0.28,0
666,Maskinongé,152,152,31953,491,32444,45975,98.49,1.51,70.57,2852,Bélanger,Alain,0,Ind,69,0.22,0
666,Maskinongé,152,152,31953,491,32444,45975,98.49,1.51,70.57,2295,Brodeur,Gilles,37,P51,40,0.13,0
548,Masson,159,159,35264,453,35717,50194,98.73,1.27,71.16,2472,Lemay,Mathieu,27,C.A.Q.-E.F.L.,18195,51.6,11763
548,Masson,159,159,35264,453,35717,50194,98.73,1.27,71.16,2174,Handfield,Stéphane,8,P.Q.,6432,18.24,0
548,Masson,159,159,35264,453,35717,50194,98.73,1.27,71.16,2203,Bellerose-Simard,Émile,40,Q.S.,4610,13.07,0
548,Masson,159,159,35264,453,35717,50194,98.73,1.27,71.16,2789,Truchon,François,22,P.C.Q-E.E.D.,2972,8.43,0
548,Masson,159,159,35264,453,35717,50194,98.73,1.27,71.16,2823,Bourret,Gabriel,6,P.L.Q./Q.L.P.,2723,7.72,0
548,Masson,159,159,35264,453,35717,50194,98.73,1.27,71.16,2873,Bélisle,Marc-André,10,P.V.Q./G.P.Q.,332,0.94,0
842,Matane-Matapédia,179,179,29746,307,30053,46286,98.98,1.02,64.93,2240,Bérubé,Pascal,8,P.Q.,20057,67.43,14894
842,Matane-Matapédia,179,179,29746,307,30053,46286,98.98,1.02,64.93,2549,Barriault,Jean-Sébastien,27,C.A.Q.-E.F.L.,5163,17.36,0
842,Matane-Matapédia,179,179,29746,307,30053,46286,98.98,1.02,64.93,2604,Leblanc,Alexandre,22,P.C.Q-E.E.D.,2316,7.79,0
842,Matane-Matapédia,179,179,29746,307,30053,46286,98.98,1.02,64.93,2548,Boucher,Marie-Phare,40,Q.S.,1450,4.87,0
842,Matane-Matapédia,179,179,29746,307,30053,46286,98.98,1.02,64.93,3065,Lounsbury,Harley Ryan,6,P.L.Q./Q.L.P.,637,2.14,0
842,Matane-Matapédia,179,179,29746,307,30053,46286,98.98,1.02,64.93,2881,Rose,Madeleine,99275,U.F.F.,123,0.41,0
340,Maurice-Richard,165,165,31447,419,31866,46618,98.69,1.31,68.36,2378,Bouazzi,Haroun,40,Q.S.,10903,34.67,2361
340,Maurice-Richard,165,165,31447,419,31866,46618,98.69,1.31,68.36,2462,Murray,Audrey,27,C.A.Q.-E.F.L.,8542,27.16,0
340,Maurice-Richard,165,165,31447,419,31866,46618,98.69,1.31,68.36,2682,Marleau,Jonathan,6,P.L.Q./Q.L.P.,5414,17.22,0
340,Maurice-Richard,165,165,31447,419,31866,46618,98.69,1.31,68.36,2793,Jorg,Chantal,8,P.Q.,4612,14.67,0
340,Maurice-Richard,165,165,31447,419,31866,46618,98.69,1.31,68.36,2373,Sexton,Louise,22,P.C.Q-E.E.D.,1322,4.2,0
340,Maurice-Richard,165,165,31447,419,31866,46618,98.69,1.31,68.36,2576,Fournelle,Gilles,10,P.V.Q./G.P.Q.,311,0.99,0
340,Maurice-Richard,165,165,31447,419,31866,46618,98.69,1.31,68.36,2925,Di Stefano,Andrea,99285,B.M.-E.B.H.,145,0.46,0
340,Maurice-Richard,165,165,31447,419,31866,46618,98.69,1.31,68.36,2368,Chéry Théodat,Kassandre,0,Ind,115,0.37,0
340,Maurice-Richard,165,165,31447,419,31866,46618,98.69,1.31,68.36,2969,Bouchardy,Patrick,99237,C.Q.,83,0.26,0
104,Mégantic,149,149,28098,397,28495,40481,98.61,1.39,70.39,2289,Jacques,François,27,C.A.Q.-E.F.L.,12973,46.17,6721
104,Mégantic,149,149,28098,397,28495,40481,98.61,1.39,70.39,2335,Chenard,Mathieu,22,P.C.Q-E.E.D.,6252,22.25,0
104,Mégantic,149,149,28098,397,28495,40481,98.61,1.39,70.39,2727,Ouellet,Marilyn,40,Q.S.,3592,12.78,0
104,Mégantic,149,149,28098,397,28495,40481,98.61,1.39,70.39,2594,Duncan,André,8,P.Q.,3588,12.77,0
104,Mégantic,149,149,28098,397,28495,40481,98.61,1.39,70.39,3001,Gagné,Eloïse,6,P.L.Q./Q.L.P.,1604,5.71,0
104,Mégantic,149,149,28098,397,28495,40481,98.61,1.39,70.39,2837,Giguère,André,37,P51,89,0.32,0
350,Mercier,154,154,27363,238,27601,43387,99.14,0.86,63.62,2487,Ghazal,Ruba,40,Q.S.,14755,53.92,10769
350,Mercier,154,154,27363,238,27601,43387,99.14,0.86,63.62,2501,Mercier-Ullhorn,Sabrina,8,P.Q.,3986,14.57,0
350,Mercier,154,154,27363,238,27601,43387,99.14,0.86,63.62,2398,Boundjia,Catherine,6,P.L.Q./Q.L.P.,3837,14.02,0
350,Mercier,154,154,27363,238,27601,43387,99.14,0.86,63.62,2662,Lavictoire,Florence,27,C.A.Q.-E.F.L.,2814,10.28,0
350,Mercier,154,154,27363,238,27601,43387,99.14,0.86,63.62,2768,Da Costa,Emmanuel,22,P.C.Q-E.E.D.,1051,3.84,0
350,Mercier,154,154,27363,238,27601,43387,99.14,0.86,63.62,2771,Langlois,Véronique,10,P.V.Q./G.P.Q.,818,2.99,0
350,Mercier,154,154,27363,238,27601,43387,99.14,0.86,63.62,2822,Cartwright,Jenny,23,P.N.,102,0.37,0
482,Mille-Îles,149,149,29410,363,29773,44453,98.78,1.22,66.98,2198,Dufour,Virginie,6,P.L.Q./Q.L.P.,9522,32.38,425
482,Mille-Îles,149,149,29410,363,29773,44453,98.78,1.22,66.98,2290,Séide,Julie,27,C.A.Q.-E.F.L.,9097,30.93,0
482,Mille-Îles,149,149,29410,363,29773,44453,98.78,1.22,66.98,2271,Lajoie,Guillaume,40,Q.S.,3789,12.88,0
482,Mille-Îles,149,149,29410,363,29773,44453,98.78,1.22,66.98,2371,Lachance,Michel,8,P.Q.,3551,12.07,0
482,Mille-Îles,149,149,29410,363,29773,44453,98.78,1.22,66.98,2552,Bigilimana,Ange Claude,22,P.C.Q-E.E.D.,3105,10.56,0
482,Mille-Îles,149,149,29410,363,29773,44453,98.78,1.22,66.98,3038,Jitaru,Bianca,10,P.V.Q./G.P.Q.,346,1.18,0
514,Mirabel,205,205,43184,643,43827,63532,98.53,1.47,68.98,2182,D'Amours,Sylvie,27,C.A.Q.-E.F.L.,21639,50.11,14393
514,Mirabel,205,205,43184,643,43827,63532,98.53,1.47,68.98,2730,Savoie,Carole,8,P.Q.,7246,16.78,0
514,Mirabel,205,205,43184,643,43827,63532,98.53,1.47,68.98,2379,Goudreau,Marjolaine,40,Q.S.,6222,14.41,0
514,Mirabel,205,205,43184,643,43827,63532,98.53,1.47,68.98,2729,Durand,Gala,22,P.C.Q-E.E.D.,4936,11.43,0
514,Mirabel,205,205,43184,643,43827,63532,98.53,1.47,68.98,2918,Giosi,Isabella,6,P.L.Q./Q.L.P.,2918,6.76,0
514,Mirabel,205,205,43184,643,43827,63532,98.53,1.47,68.98,3011,Larouche,Pierre,99275,U.F.F.,159,0.37,0
514,Mirabel,205,205,43184,643,43827,63532,98.53,1.47,68.98,3022,Lavoie,Rémi,99286,D.D.,64,0.15,0
252,Montarville,173,173,41488,339,41827,53247,99.19,0.81,78.55,2287,Roy,Nathalie,27,C.A.Q.-E.F.L.,19045,45.9,11292
252,Montarville,173,173,41488,339,41827,53247,99.19,0.81,78.55,2666,Michelin,Daniel,8,P.Q.,7753,18.69,0
252,Montarville,173,173,41488,339,41827,53247,99.19,0.81,78.55,2458,Veilleux,Marie-Christine,40,Q.S.,6741,16.25,0
252,Montarville,173,173,41488,339,41827,53247,99.19,0.81,78.55,2705,Gagnon,Lucie,6,P.L.Q./Q.L.P.,5090,12.27,0
252,Montarville,173,173,41488,339,41827,53247,99.19,0.81,78.55,2257,Henry,Evans,22,P.C.Q-E.E.D.,2124,5.12,0
252,Montarville,173,173,41488,339,41827,53247,99.19,0.81,78.55,2517,Dufour,Jeanne,10,P.V.Q./G.P.Q.,601,1.45,0
252,Montarville,173,173,41488,339,41827,53247,99.19,0.81,78.55,2707,Lamouche,Isadora,99237,C.Q.,134,0.32,0
742,Montmorency,196,196,42326,494,42820,57913,98.85,1.15,73.94,2534,Simard,Jean-François,27,C.A.Q.-E.F.L.,19124,45.18,8093
742,Montmorency,196,196,42326,494,42820,57913,98.85,1.15,73.94,2618,Bouchard,Mylene,22,P.C.Q-E.E.D.,11031,26.06,0
742,Montmorency,196,196,42326,494,42820,57913,98.85,1.15,73.94,2454,Bélanger,Annie-Pierre,40,Q.S.,5100,12.05,0
742,Montmorency,196,196,42326,494,42820,57913,98.85,1.15,73.94,3003,Therrien,Cynthia,8,P.Q.,4773,11.28,0
742,Montmorency,196,196,42326,494,42820,57913,98.85,1.15,73.94,2841,Berri,Mustapha,6,P.L.Q./Q.L.P.,1969,4.65,0
742,Montmorency,196,196,42326,494,42820,57913,98.85,1.15,73.94,2744,Lescarbeau,Nicholas,10,P.V.Q./G.P.Q.,274,0.65,0
742,Montmorency,196,196,42326,494,42820,57913,98.85,1.15,73.94,2464,Bédard,Jean,7,P.M.L.Q.,55,0.13,0
336,Mont-Royal-Outremont,208,208,29629,404,30033,55931,98.65,1.35,53.7,2382,Setlakwe,Michelle,6,P.L.Q./Q.L.P.,11658,39.35,5650
336,Mont-Royal-Outremont,208,208,29629,404,30033,55931,98.65,1.35,53.7,2391,Leblanc,Isabelle,40,Q.S.,6008,20.28,0
336,Mont-Royal-Outremont,208,208,29629,404,30033,55931,98.65,1.35,53.7,2821,Beaumier,Sarah,27,C.A.Q.-E.F.L.,4677,15.79,0
336,Mont-Royal-Outremont,208,208,29629,404,30033,55931,98.65,1.35,53.7,2977,Bastien,Ophélie,8,P.Q.,3385,11.42,0
336,Mont-Royal-Outremont,208,208,29629,404,30033,55931,98.65,1.35,53.7,2805,Ait Akil,Sabrina,22,P.C.Q-E.E.D.,2522,8.51,0
336,Mont-Royal-Outremont,208,208,29629,404,30033,55931,98.65,1.35,53.7,2241,Guelmi,Malik,10,P.V.Q./G.P.Q.,785,2.65,0
336,Mont-Royal-Outremont,208,208,29629,404,30033,55931,98.65,1.35,53.7,2863,Goldberg Harrison,Anne,99263,P.C.Q./C.P.Q,507,1.71,0
336,Mont-Royal-Outremont,208,208,29629,404,30033,55931,98.65,1.35,53.7,3047,Cherniak,David A,23,P.N.,87,0.29,0
312,Nelligan,182,182,33546,261,33807,57537,99.23,0.77,58.76,2213,Derraji,Monsef,6,P.L.Q./Q.L.P.,17454,52.03,11870
312,Nelligan,182,182,33546,261,33807,57537,99.23,0.77,58.76,2557,Lapierre,Cynthia,27,C.A.Q.-E.F.L.,5584,16.65,0
312,Nelligan,182,182,33546,261,33807,57537,99.23,0.77,58.76,2329,Charles,Gary,22,P.C.Q-E.E.D.,5061,15.09,0
312,Nelligan,182,182,33546,261,33807,57537,99.23,0.77,58.76,2478,Larue-Bourdages,Maxime,40,Q.S.,1766,5.26,0
312,Nelligan,182,182,33546,261,33807,57537,99.23,0.77,58.76,3032,Caron,Jocelyn,8,P.Q.,1399,4.17,0
312,Nelligan,182,182,33546,261,33807,57537,99.23,0.77,58.76,2880,Marier,Jean,99263,P.C.Q./C.P.Q,1014,3.02,0
312,Nelligan,182,182,33546,261,33807,57537,99.23,0.77,58.76,3029,Hanif,Neena,99285,B.M.-E.B.H.,610,1.82,0
312,Nelligan,182,182,33546,261,33807,57537,99.23,0.77,58.76,3044,Reiniger,Daniel,10,P.V.Q./G.P.Q.,558,1.66,0
312,Nelligan,182,182,33546,261,33807,57537,99.23,0.77,58.76,3043,Hennawy,Michael,99286,D.D.,100,0.3,0
150,Nicolet-Bécancour,150,150,29662,488,30150,41576,98.38,1.62,72.52,2629,Martel,Donald,27,C.A.Q.-E.F.L.,13956,47.05,7361
150,Nicolet-Bécancour,150,150,29662,488,30150,41576,98.38,1.62,72.52,2531,Lyonnais,Mario,22,P.C.Q-E.E.D.,6595,22.23,0
150,Nicolet-Bécancour,150,150,29662,488,30150,41576,98.38,1.62,72.52,2626,Dumas,Philippe,8,P.Q.,5095,17.18,0
150,Nicolet-Bécancour,150,150,29662,488,30150,41576,98.38,1.62,72.52,2786,Thériault Watso,Jacques,40,Q.S.,2610,8.8,0
150,Nicolet-Bécancour,150,150,29662,488,30150,41576,98.38,1.62,72.52,2807,Jacques,Marie-Josée,6,P.L.Q./Q.L.P.,1406,4.74,0
324,Notre-Dame-de-Grâce,159,159,25602,332,25934,46506,98.72,1.28,55.76,2475,McGraw,Désirée,6,P.L.Q./Q.L.P.,12918,50.46,8951
324,Notre-Dame-de-Grâce,159,159,25602,332,25934,46506,98.72,1.28,55.76,2498,Labelle,Élisabeth,40,Q.S.,3967,15.49,0
324,Notre-Dame-de-Grâce,159,159,25602,332,25934,46506,98.72,1.28,55.76,2519,Eappen,Roy,22,P.C.Q-E.E.D.,2087,8.15,0
324,Notre-Dame-de-Grâce,159,159,25602,332,25934,46506,98.72,1.28,55.76,2397,Lemay,Geneviève,27,C.A.Q.-E.F.L.,1877,7.33,0
324,Notre-Dame-de-Grâce,159,159,25602,332,25934,46506,98.72,1.28,55.76,2656,Holness,Balarama,99285,B.M.-E.B.H.,1701,6.64,0
324,Notre-Dame-de-Grâce,159,159,25602,332,25934,46506,98.72,1.28,55.76,2962,Jenneau,Cloé Rose,8,P.Q.,1302,5.09,0
324,Notre-Dame-de-Grâce,159,159,25602,332,25934,46506,98.72,1.28,55.76,2399,Tyrrell,Alex,10,P.V.Q./G.P.Q.,956,3.73,0
324,Notre-Dame-de-Grâce,159,159,25602,332,25934,46506,98.72,1.28,55.76,2817,Eliadis,Constantine,99263,P.C.Q./C.P.Q,723,2.82,0
324,Notre-Dame-de-Grâce,159,159,25602,332,25934,46506,98.72,1.28,55.76,2697,Hoffman,Rachel,7,P.M.L.Q.,71,0.28,0
120,Orford,158,158,32792,319,33111,46514,99.04,0.96,71.19,2551,Bélanger,Gilles,27,C.A.Q.-E.F.L.,14084,42.95,8786
120,Orford,158,158,32792,319,33111,46514,99.04,0.96,71.19,2614,Sassi,Kenza,40,Q.S.,5298,16.16,0
120,Orford,158,158,32792,319,33111,46514,99.04,0.96,71.19,2645,Hamm,Vicki-May,6,P.L.Q./Q.L.P.,4917,14.99,0
120,Orford,158,158,32792,319,33111,46514,99.04,0.96,71.19,2410,Allard,Monique,8,P.Q.,4463,13.61,0
120,Orford,158,158,32792,319,33111,46514,99.04,0.96,71.19,2741,Lamontagne Lacasse,Martin,22,P.C.Q-E.E.D.,3567,10.88,0
120,Orford,158,158,32792,319,33111,46514,99.04,0.96,71.19,2999,Gandey,Mark,99263,P.C.Q./C.P.Q,354,1.08,0
120,Orford,158,158,32792,319,33111,46514,99.04,0.96,71.19,2294,Lacroix,Joel,99286,D.D.,109,0.33,0
626,Papineau,230,230,37464,383,37847,63674,98.99,1.01,59.44,2199,Lacombe,Mathieu,27,C.A.Q.-E.F.L.,19791,52.83,14627
626,Papineau,230,230,37464,383,37847,63674,98.99,1.01,59.44,2530,Latourelle,Marie-Claude,40,Q.S.,5164,13.78,0
626,Papineau,230,230,37464,383,37847,63674,98.99,1.01,59.44,2866,Carrière,Marc,22,P.C.Q-E.E.D.,4970,13.27,0
626,Papineau,230,230,37464,383,37847,63674,98.99,1.01,59.44,2761,Chicoine,Audrey-Ann,8,P.Q.,3834,10.23,0
626,Papineau,230,230,37464,383,37847,63674,98.99,1.01,59.44,2646,Semervil,Wittlyn Kate,6,P.L.Q./Q.L.P.,3151,8.41,0
626,Papineau,230,230,37464,383,37847,63674,98.99,1.01,59.44,2683,Arbour,Melissa,10,P.V.Q./G.P.Q.,450,1.2,0
626,Papineau,230,230,37464,383,37847,63674,98.99,1.01,59.44,2668,Brazeau,Cédric,99286,D.D.,104,0.28,0
380,Pointe-aux-Trembles,149,149,26495,388,26883,40527,98.56,1.44,66.33,2296,Rouleau,Chantal,27,C.A.Q.-E.F.L.,12156,45.88,6891
380,Pointe-aux-Trembles,149,149,26495,388,26883,40527,98.56,1.44,66.33,2305,Desjardins,Jocelyn,8,P.Q.,5265,19.87,0
380,Pointe-aux-Trembles,149,149,26495,388,26883,40527,98.56,1.44,66.33,2334,Tremblay-Pepin,Simon,40,Q.S.,4084,15.41,0
380,Pointe-aux-Trembles,149,149,26495,388,26883,40527,98.56,1.44,66.33,2797,Jeune,Byanca,6,P.L.Q./Q.L.P.,2750,10.38,0
380,Pointe-aux-Trembles,149,149,26495,388,26883,40527,98.56,1.44,66.33,2255,Beaulieu,Yves,22,P.C.Q-E.E.D.,1804,6.81,0
380,Pointe-aux-Trembles,149,149,26495,388,26883,40527,98.56,1.44,66.33,2867,Di Pardo,Alex,10,P.V.Q./G.P.Q.,268,1.01,0
380,Pointe-aux-Trembles,149,149,26495,388,26883,40527,98.56,1.44,66.33,2900,Michaud,Marc,99237,C.Q.,82,0.31,0
380,Pointe-aux-Trembles,149,149,26495,388,26883,40527,98.56,1.44,66.33,2672,Royer,Geneviève,7,P.M.L.Q.,53,0.2,0
380,Pointe-aux-Trembles,149,149,26495,388,26883,40527,98.56,1.44,66.33,2480,Chandonnet,Louis,29,E.A.,33,0.12,0
608,Pontiac,187,187,28564,185,28749,53735,99.36,0.64,53.5,2351,Fortin,André,6,P.L.Q./Q.L.P.,12477,43.68,5421
608,Pontiac,187,187,28564,185,28749,53735,99.36,0.64,53.5,2738,Canuel-Jolicoeur,Corinne,27,C.A.Q.-E.F.L.,7056,24.7,0
608,Pontiac,187,187,28564,185,28749,53735,99.36,0.64,53.5,2963,Watters,Terrence,22,P.C.Q-E.E.D.,3118,10.92,0
608,Pontiac,187,187,28564,185,28749,53735,99.36,0.64,53.5,2749,Sebagenzi,Mike Owen,40,Q.S.,2935,10.28,0
608,Pontiac,187,187,28564,185,28749,53735,99.36,0.64,53.5,2870,Paradis-Châteauneuf,Jolaine,8,P.Q.,1887,6.61,0
608,Pontiac,187,187,28564,185,28749,53735,99.36,0.64,53.5,2746,Cyr,Pierre,10,P.V.Q./G.P.Q.,616,2.16,0
608,Pontiac,187,187,28564,185,28749,53735,99.36,0.64,53.5,2845,Twolan,William,99263,P.C.Q./C.P.Q,475,1.66,0
714,Portneuf,153,153,32529,359,32888,44873,98.91,1.09,73.29,2237,Caron,Vincent,27,C.A.Q.-E.F.L.,15412,47.38,5737
714,Portneuf,153,153,32529,359,32888,44873,98.91,1.09,73.29,2616,Arel,Jacinthe-Eve,22,P.C.Q-E.E.D.,9675,29.74,0
714,Portneuf,153,153,32529,359,32888,44873,98.91,1.09,73.29,3025,Mc Cabe,Alexandre,8,P.Q.,3203,9.85,0
714,Portneuf,153,153,32529,359,32888,44873,98.91,1.09,73.29,2426,Melançon,Anne-Marie,40,Q.S.,2675,8.22,0
714,Portneuf,153,153,32529,359,32888,44873,98.91,1.09,73.29,3033,Hayes,Patrick,6,P.L.Q./Q.L.P.,916,2.82,0
714,Portneuf,153,153,32529,359,32888,44873,98.91,1.09,73.29,2425,Bourson,Patrick,0,Ind,608,1.87,0
714,Portneuf,153,153,32529,359,32888,44873,98.91,1.09,73.29,3045,Simard,Karine,99286,D.D.,40,0.12,0
582,Prévost,165,165,34401,431,34832,50213,98.76,1.24,69.37,2571,Bélanger,Sonia,27,C.A.Q.-E.F.L.,15903,46.23,9166
582,Prévost,165,165,34401,431,34832,50213,98.76,1.24,69.37,2661,Chabot,Thérèse,8,P.Q.,6737,19.58,0
582,Prévost,165,165,34401,431,34832,50213,98.76,1.24,69.37,2416,Crevier-Dagenais,Rose,40,Q.S.,5196,15.1,0
582,Prévost,165,165,34401,431,34832,50213,98.76,1.24,69.37,2515,Cloutier,Benoit,22,P.C.Q-E.E.D.,4019,11.68,0
582,Prévost,165,165,34401,431,34832,50213,98.76,1.24,69.37,2418,Pomerleau,Suzanne,6,P.L.Q./Q.L.P.,2072,6.02,0
582,Prévost,165,165,34401,431,34832,50213,98.76,1.24,69.37,2701,Vaz,Michelle,10,P.V.Q./G.P.Q.,374,1.09,0
582,Prévost,165,165,34401,431,34832,50213,98.76,1.24,69.37,2759,Leclerc,Michel,99281,P.H.Q.,100,0.29,0
906,René-Lévesque,121,121,19309,192,19501,32540,99.02,0.98,59.93,2193,Montigny,Yves,27,C.A.Q.-E.F.L.,11377,58.92,7290
906,René-Lévesque,121,121,19309,192,19501,32540,99.02,0.98,59.93,2216,Dufour Tremblay,Jeff,8,P.Q.,4087,21.17,0
906,René-Lévesque,121,121,19309,192,19501,32540,99.02,0.98,59.93,2345,Raymond,Marie Renée,22,P.C.Q-E.E.D.,1955,10.12,0
906,René-Lévesque,121,121,19309,192,19501,32540,99.02,0.98,59.93,2225,Givern-Héroux,Audrey,40,Q.S.,1459,7.56,0
906,René-Lévesque,121,121,19309,192,19501,32540,99.02,0.98,59.93,2871,Duperron,Marc,6,P.L.Q./Q.L.P.,307,1.59,0
906,René-Lévesque,121,121,19309,192,19501,32540,99.02,0.98,59.93,2868,Delisle,Richard,99237,C.Q.,82,0.42,0
906,René-Lévesque,121,121,19309,192,19501,32540,99.02,0.98,59.93,2433,Babin,(Philippe) Gilles,0,Ind,42,0.22,0
560,Repentigny,175,175,37714,492,38206,52169,98.71,1.29,73.24,2401,Déry,Pascale,27,C.A.Q.-E.F.L.,19747,52.36,13061
560,Repentigny,175,175,37714,492,38206,52169,98.71,1.29,73.24,2387,Van Dun,Aïcha,8,P.Q.,6686,17.73,0
560,Repentigny,175,175,37714,492,38206,52169,98.71,1.29,73.24,2403,Marc,Ednal,40,Q.S.,4783,12.68,0
560,Repentigny,175,175,37714,492,38206,52169,98.71,1.29,73.24,2795,Bouchard,Virginie,6,P.L.Q./Q.L.P.,3758,9.96,0
560,Repentigny,175,175,37714,492,38206,52169,98.71,1.29,73.24,2402,Cloutier,Serge,22,P.C.Q-E.E.D.,2419,6.41,0
560,Repentigny,175,175,37714,492,38206,52169,98.71,1.29,73.24,2706,Brisebois,David,99237,C.Q.,321,0.85,0
264,Richelieu,165,165,30592,453,31045,45782,98.54,1.46,67.81,2390,Émond,Jean-Bernard,27,C.A.Q.-E.F.L.,17098,55.89,10894
264,Richelieu,165,165,30592,453,31045,45782,98.54,1.46,67.81,2899,Arpin,Gabriel,8,P.Q.,6204,20.28,0
264,Richelieu,165,165,30592,453,31045,45782,98.54,1.46,67.81,2283,Dionne,David,40,Q.S.,3084,10.08,0
264,Richelieu,165,165,30592,453,31045,45782,98.54,1.46,67.81,2975,Dionne,Marie-Ève,22,P.C.Q-E.E.D.,2697,8.82,0
264,Richelieu,165,165,30592,453,31045,45782,98.54,1.46,67.81,2941,Sauriol,Anthony,6,P.L.Q./Q.L.P.,1262,4.13,0
264,Richelieu,165,165,30592,453,31045,45782,98.54,1.46,67.81,2944,Velasquez,Alejandra,99237,C.Q.,165,0.54,0
264,Richelieu,165,165,30592,453,31045,45782,98.54,1.46,67.81,2388,Blanchette,André,99286,D.D.,82,0.27,0
132,Richmond,231,231,45465,625,46090,63923,98.64,1.36,72.1,2535,Bachand,André,27,C.A.Q.-E.F.L.,21255,46.75,12224
132,Richmond,231,231,45465,625,46090,63923,98.64,1.36,72.1,2633,Pagé,Philippe,40,Q.S.,9031,19.86,0
132,Richmond,231,231,45465,625,46090,63923,98.64,1.36,72.1,2359,Bélair,Marylaine,22,P.C.Q-E.E.D.,6683,14.7,0
132,Richmond,231,231,45465,625,46090,63923,98.64,1.36,72.1,2638,Caron,Jacinthe,8,P.Q.,5803,12.76,0
132,Richmond,231,231,45465,625,46090,63923,98.64,1.36,72.1,2901,Louis-Jean,Mona,6,P.L.Q./Q.L.P.,2476,5.45,0
132,Richmond,231,231,45465,625,46090,63923,98.64,1.36,72.1,3062,Magnan,Richard,99286,D.D.,112,0.25,0
132,Richmond,231,231,45465,625,46090,63923,98.64,1.36,72.1,2932,de Martin,Raymond,0,Ind,105,0.23,0
838,Rimouski,167,167,32960,274,33234,46416,99.18,0.82,71.6,2499,Blanchette Vézina,Maïté,27,C.A.Q.-E.F.L.,13761,41.75,4321
838,Rimouski,167,167,32960,274,33234,46416,99.18,0.82,71.6,2217,Ouellet,Samuel,8,P.Q.,9440,28.64,0
838,Rimouski,167,167,32960,274,33234,46416,99.18,0.82,71.6,2221,Kack,Carol-Ann,40,Q.S.,7042,21.37,0
838,Rimouski,167,167,32960,274,33234,46416,99.18,0.82,71.6,2830,Du Mesnil,Stéphanie,22,P.C.Q-E.E.D.,1566,4.75,0
838,Rimouski,167,167,32960,274,33234,46416,99.18,0.82,71.6,2808,Laroche,Claude,6,P.L.Q./Q.L.P.,992,3.01,0
838,Rimouski,167,167,32960,274,33234,46416,99.18,0.82,71.6,2718,Beaudoin,Pierre,99237,C.Q.,104,0.32,0
838,Rimouski,167,167,32960,274,33234,46416,99.18,0.82,71.6,2719,Gaudreau,Danielle Mélanie,99286,D.D.,55,0.17,0
834,Rivière-du-Loup-Témiscouata,208,208,34925,369,35294,51230,98.95,1.05,68.89,2234,Dionne,Amélie,27,C.A.Q.-E.F.L.,18183,52.06,12042
834,Rivière-du-Loup-Témiscouata,208,208,34925,369,35294,51230,98.95,1.05,68.89,2306,Rioux,Félix,8,P.Q.,6141,17.58,0
834,Rivière-du-Loup-Témiscouata,208,208,34925,369,35294,51230,98.95,1.05,68.89,2235,Lapointe-Gagnon,Myriam,40,Q.S.,5102,14.61,0
834,Rivière-du-Loup-Témiscouata,208,208,34925,369,35294,51230,98.95,1.05,68.89,2693,Moreault,Louise,22,P.C.Q-E.E.D.,3937,11.27,0
834,Rivière-du-Loup-Témiscouata,208,208,34925,369,35294,51230,98.95,1.05,68.89,2854,Bellemare,Louis,6,P.L.Q./Q.L.P.,1388,3.97,0
834,Rivière-du-Loup-Témiscouata,208,208,34925,369,35294,51230,98.95,1.05,68.89,2690,Sierpien,Carole,99237,C.Q.,174,0.5,0
316,Robert-Baldwin,174,174,29827,257,30084,53910,99.15,0.85,55.8,2747,Garceau,Brigitte,6,P.L.Q./Q.L.P.,17228,57.76,12449
316,Robert-Baldwin,174,174,29827,257,30084,53910,99.15,0.85,55.8,2268,Lellouche,Axel,22,P.C.Q-E.E.D.,4779,16.02,0
316,Robert-Baldwin,174,174,29827,257,30084,53910,99.15,0.85,55.8,2274,Beaudoin,Maïté,27,C.A.Q.-E.F.L.,2909,9.75,0
316,Robert-Baldwin,174,174,29827,257,30084,53910,99.15,0.85,55.8,2596,Ruel,Marieve,40,Q.S.,1498,5.02,0
316,Robert-Baldwin,174,174,29827,257,30084,53910,99.15,0.85,55.8,2787,Gray,Jonathan,99263,P.C.Q./C.P.Q,1231,4.13,0
316,Robert-Baldwin,174,174,29827,257,30084,53910,99.15,0.85,55.8,2653,Choudhry,Qaiser,99285,B.M.-E.B.H.,792,2.66,0
316,Robert-Baldwin,174,174,29827,257,30084,53910,99.15,0.85,55.8,2864,Martel,Alix,8,P.Q.,776,2.6,0
316,Robert-Baldwin,174,174,29827,257,30084,53910,99.15,0.85,55.8,2253,MacFarquhar,David,10,P.V.Q./G.P.Q.,614,2.06,0
930,Roberval,164,164,26727,334,27061,44525,98.77,1.23,60.78,2226,Guillemette,Nancy,27,C.A.Q.-E.F.L.,15017,56.19,9529
930,Roberval,164,164,26727,334,27061,44525,98.77,1.23,60.78,2181,Bouchard,Patrice,8,P.Q.,5488,20.53,0
930,Roberval,164,164,26727,334,27061,44525,98.77,1.23,60.78,2928,Gaudreault,Samuel,22,P.C.Q-E.E.D.,3038,11.37,0
930,Roberval,164,164,26727,334,27061,44525,98.77,1.23,60.78,2816,Ottereyes,Michaël,40,Q.S.,1826,6.83,0
930,Roberval,164,164,26727,334,27061,44525,98.77,1.23,60.78,2896,Lavoie,Maxim,6,P.L.Q./Q.L.P.,1217,4.55,0
930,Roberval,164,164,26727,334,27061,44525,98.77,1.23,60.78,2784,Lalancette,Lynda,99237,C.Q.,141,0.53,0
356,Rosemont,186,186,35380,405,35785,52457,98.87,1.13,68.22,2229,Marissal,Vincent,40,Q.S.,13311,37.62,5154
356,Rosemont,186,186,35380,405,35785,52457,98.87,1.13,68.22,2276,O'Connor,Sandra,27,C.A.Q.-E.F.L.,8157,23.06,0
356,Rosemont,186,186,35380,405,35785,52457,98.87,1.13,68.22,2436,Brillant,Pierre-Luc,8,P.Q.,7527,21.27,0
356,Rosemont,186,186,35380,405,35785,52457,98.87,1.13,68.22,2908,Duverneau,Sherlyne,6,P.L.Q./Q.L.P.,4170,11.79,0
356,Rosemont,186,186,35380,405,35785,52457,98.87,1.13,68.22,2599,Lemay,Marie-France,22,P.C.Q-E.E.D.,1605,4.54,0
356,Rosemont,186,186,35380,405,35785,52457,98.87,1.13,68.22,2224,D'Souza,Jamie,10,P.V.Q./G.P.Q.,452,1.28,0
356,Rosemont,186,186,35380,405,35785,52457,98.87,1.13,68.22,2533,Racine,Jean-François,99237,C.Q.,158,0.45,0
576,Rousseau,157,157,27912,580,28492,46339,97.96,2.04,61.49,2376,Thouin,Louis-Charles,27,C.A.Q.-E.F.L.,14117,50.58,9132
576,Rousseau,157,157,27912,580,28492,46339,97.96,2.04,61.49,2369,Vanier,Pierre,8,P.Q.,4985,17.86,0
576,Rousseau,157,157,27912,580,28492,46339,97.96,2.04,61.49,2810,Desroches,Gisèle,22,P.C.Q-E.E.D.,4180,14.98,0
576,Rousseau,157,157,27912,580,28492,46339,97.96,2.04,61.49,2455,Castro Roch,Ernesto,40,Q.S.,3667,13.14,0
576,Rousseau,157,157,27912,580,28492,46339,97.96,2.04,61.49,2825,Lokrou,Estelle Regina,6,P.L.Q./Q.L.P.,963,3.45,0
636,Rouyn-Noranda-Témiscamingue,166,166,28732,310,29042,44742,98.93,1.07,64.91,2317,Bernard,Daniel,27,C.A.Q.-E.F.L.,12975,45.16,4085
636,Rouyn-Noranda-Témiscamingue,166,166,28732,310,29042,44742,98.93,1.07,64.91,2238,Lessard-Therrien,Émilise,40,Q.S.,8890,30.94,0
636,Rouyn-Noranda-Témiscamingue,166,166,28732,310,29042,44742,98.93,1.07,64.91,2194,Vachon,Jean-François,8,P.Q.,3232,11.25,0
636,Rouyn-Noranda-Témiscamingue,166,166,28732,310,29042,44742,98.93,1.07,64.91,2545,Daigle,Robert,22,P.C.Q-E.E.D.,2202,7.66,0
636,Rouyn-Noranda-Témiscamingue,166,166,28732,310,29042,44742,98.93,1.07,64.91,2905,Warolin,Arnaud,6,P.L.Q./Q.L.P.,1255,4.37,0
636,Rouyn-Noranda-Témiscamingue,166,166,28732,310,29042,44742,98.93,1.07,64.91,3063,Corswarem,Chantal,10,P.V.Q./G.P.Q.,178,0.62,0
110,Saint-François,205,205,40728,566,41294,59460,98.63,1.37,69.45,2318,Hébert,Geneviève,27,C.A.Q.-E.F.L.,17280,42.43,5789
110,Saint-François,205,205,40728,566,41294,59460,98.63,1.37,69.45,2320,Généreux,Mélissa,40,Q.S.,11491,28.21,0
110,Saint-François,205,205,40728,566,41294,59460,98.63,1.37,69.45,2370,Bernier,Dany,22,P.C.Q-E.E.D.,4483,11.01,0
110,Saint-François,205,205,40728,566,41294,59460,98.63,1.37,69.45,2469,Tanguay,Sylvie,8,P.Q.,3712,9.11,0
110,Saint-François,205,205,40728,566,41294,59460,98.63,1.37,69.45,2365,Charron,Claude,6,P.L.Q./Q.L.P.,3220,7.91,0
110,Saint-François,205,205,40728,566,41294,59460,98.63,1.37,69.45,2838,McInerney,Colleen,99263,P.C.Q./C.P.Q,285,0.7,0
110,Saint-François,205,205,40728,566,41294,59460,98.63,1.37,69.45,2827,Dion,Olivier,99237,C.Q.,257,0.63,0
326,Saint-Henri-Sainte-Anne,197,197,32440,357,32797,56721,98.91,1.09,57.82,2441,Anglade,Dominique,6,P.L.Q./Q.L.P.,11728,36.15,2736
326,Saint-Henri-Sainte-Anne,197,197,32440,357,32797,56721,98.91,1.09,57.82,2438,Cliche-Rivard,Guillaume,40,Q.S.,8992,27.72,0
326,Saint-Henri-Sainte-Anne,197,197,32440,357,32797,56721,98.91,1.09,57.82,2544,Huard-Isabelle,Nicolas,27,C.A.Q.-E.F.L.,5751,17.73,0
326,Saint-Henri-Sainte-Anne,197,197,32440,357,32797,56721,98.91,1.09,57.82,2389,Daubois,Julie,8,P.Q.,2683,8.27,0
326,Saint-Henri-Sainte-Anne,197,197,32440,357,32797,56721,98.91,1.09,57.82,2386,White,Mischa,22,P.C.Q-E.E.D.,2063,6.36,0
326,Saint-Henri-Sainte-Anne,197,197,32440,357,32797,56721,98.91,1.09,57.82,2946,Duford,Jean-Pierre,10,P.V.Q./G.P.Q.,620,1.91,0
326,Saint-Henri-Sainte-Anne,197,197,32440,357,32797,56721,98.91,1.09,57.82,2632,Kaczorowski,Janusz,99285,B.M.-E.B.H.,530,1.63,0
326,Saint-Henri-Sainte-Anne,197,197,32440,357,32797,56721,98.91,1.09,57.82,3042,Gaudreault,Esther,99286,D.D.,73,0.23,0
260,Saint-Hyacinthe,200,200,41321,697,42018,59625,98.34,1.66,70.47,2342,Soucy,Chantal,27,C.A.Q.-E.F.L.,22487,54.42,15587
260,Saint-Hyacinthe,200,200,41321,697,42018,59625,98.34,1.66,70.47,2232,Gagné-Lebrun,Alexis,8,P.Q.,6900,16.7,0
260,Saint-Hyacinthe,200,200,41321,697,42018,59625,98.34,1.66,70.47,2219,Daigneault,Philippe,40,Q.S.,5636,13.64,0
260,Saint-Hyacinthe,200,200,41321,697,42018,59625,98.34,1.66,70.47,2247,Beaudoin,Kim,22,P.C.Q-E.E.D.,4066,9.84,0
260,Saint-Hyacinthe,200,200,41321,697,42018,59625,98.34,1.66,70.47,2796,Wnorowska,Agnieszka,6,P.L.Q./Q.L.P.,1705,4.13,0
260,Saint-Hyacinthe,200,200,41321,697,42018,59625,98.34,1.66,70.47,2712,Jaalouk,Mustapha,10,P.V.Q./G.P.Q.,217,0.53,0
260,Saint-Hyacinthe,200,200,41321,697,42018,59625,98.34,1.66,70.47,2742,Raiche,Julie,99237,C.Q.,168,0.41,0
260,Saint-Hyacinthe,200,200,41321,697,42018,59625,98.34,1.66,70.47,2929,Daigneault,Gary,0,Ind,142,0.34,0
212,Saint-Jean,215,215,42907,718,43625,62562,98.35,1.65,69.73,2456,Lemieux,Louis,27,C.A.Q.-E.F.L.,21734,50.65,13486
212,Saint-Jean,215,215,42907,718,43625,62562,98.35,1.65,69.73,2284,Girard-Duchaine,Alexandre,8,P.Q.,8248,19.22,0
212,Saint-Jean,215,215,42907,718,43625,62562,98.35,1.65,69.73,2553,Lavertu,Pierre-Luc,40,Q.S.,6334,14.76,0
212,Saint-Jean,215,215,42907,718,43625,62562,98.35,1.65,69.73,2658,Melnitzky,Dominick,22,P.C.Q-E.E.D.,3603,8.4,0
212,Saint-Jean,215,215,42907,718,43625,62562,98.35,1.65,69.73,2957,Roy,Benjamin,6,P.L.Q./Q.L.P.,2565,5.98,0
212,Saint-Jean,215,215,42907,718,43625,62562,98.35,1.65,69.73,2497,Thériault,Denis,99237,C.Q.,290,0.68,0
212,Saint-Jean,215,215,42907,718,43625,62562,98.35,1.65,69.73,3020,Choquette,Raymond,99286,D.D.,133,0.31,0
526,Saint-Jérôme,239,239,41038,610,41648,63909,98.54,1.46,65.17,2252,Chassin,Youri,27,C.A.Q.-E.F.L.,20527,50.02,12800
526,Saint-Jérôme,239,239,41038,610,41648,63909,98.54,1.46,65.17,2324,Michon,Sandrine,8,P.Q.,7727,18.83,0
526,Saint-Jérôme,239,239,41038,610,41648,63909,98.54,1.46,65.17,2208,Neveu,Marc-Olivier,40,Q.S.,6411,15.62,0
526,Saint-Jérôme,239,239,41038,610,41648,63909,98.54,1.46,65.17,2273,Clermont,Maxime,22,P.C.Q-E.E.D.,3998,9.74,0
526,Saint-Jérôme,239,239,41038,610,41648,63909,98.54,1.46,65.17,2774,Plante,Martin,6,P.L.Q./Q.L.P.,1858,4.53,0
526,Saint-Jérôme,239,239,41038,610,41648,63909,98.54,1.46,65.17,2396,Bustamante,Marcella,10,P.V.Q./G.P.Q.,517,1.26,0
318,Saint-Laurent,192,192,28628,383,29011,56925,98.68,1.32,50.96,2496,Rizqy,Marwah,6,P.L.Q./Q.L.P.,14304,49.97,10213
318,Saint-Laurent,192,192,28628,383,29011,56925,98.68,1.32,50.96,2644,Gauthier,Mélanie,27,C.A.Q.-E.F.L.,4091,14.29,0
318,Saint-Laurent,192,192,28628,383,29011,56925,98.68,1.32,50.96,2714,St-Clair,Catherine,22,P.C.Q-E.E.D.,3973,13.88,0
318,Saint-Laurent,192,192,28628,383,29011,56925,98.68,1.32,50.96,2708,Briand,Gérard,40,Q.S.,2840,9.92,0
318,Saint-Laurent,192,192,28628,383,29011,56925,98.68,1.32,50.96,2985,Dugal,Karl,8,P.Q.,1696,5.92,0
318,Saint-Laurent,192,192,28628,383,29011,56925,98.68,1.32,50.96,2978,Rajput,Rizwan Muhammad,99285,B.M.-E.B.H.,752,2.63,0
318,Saint-Laurent,192,192,28628,383,29011,56925,98.68,1.32,50.96,2851,Fossey,Myrtis-Eirene,99263,P.C.Q./C.P.Q,533,1.86,0
318,Saint-Laurent,192,192,28628,383,29011,56925,98.68,1.32,50.96,2550,Benzekri,Othmane,10,P.V.Q./G.P.Q.,439,1.53,0
330,Sainte-Marie-Saint-Jacques,158,158,22841,205,23046,40988,99.11,0.89,56.23,2502,Massé,Manon,40,Q.S.,10892,47.69,7271
330,Sainte-Marie-Saint-Jacques,158,158,22841,205,23046,40988,99.11,0.89,56.23,2663,Baenninger,Christopher,6,P.L.Q./Q.L.P.,3621,15.85,0
330,Sainte-Marie-Saint-Jacques,158,158,22841,205,23046,40988,99.11,0.89,56.23,2585,Laplante,Phoeby,8,P.Q.,3362,14.72,0
330,Sainte-Marie-Saint-Jacques,158,158,22841,205,23046,40988,99.11,0.89,56.23,2587,Diep,Aurélie,27,C.A.Q.-E.F.L.,3268,14.31,0
330,Sainte-Marie-Saint-Jacques,158,158,22841,205,23046,40988,99.11,0.89,56.23,2785,Marquis,Stéfan,22,P.C.Q-E.E.D.,1138,4.98,0
330,Sainte-Marie-Saint-Jacques,158,158,22841,205,23046,40988,99.11,0.89,56.23,2605,Roop,Hailey,10,P.V.Q./G.P.Q.,450,1.97,0
330,Sainte-Marie-Saint-Jacques,158,158,22841,205,23046,40988,99.11,0.89,56.23,2723,Sullivan,Linda,7,P.M.L.Q.,64,0.28,0
330,Sainte-Marie-Saint-Jacques,158,158,22841,205,23046,40988,99.11,0.89,56.23,2998,Mercier,Jency,99237,C.Q.,46,0.2,0
470,Sainte-Rose,182,182,36600,490,37090,54902,98.68,1.32,67.56,2261,Skeete,Christopher,27,C.A.Q.-E.F.L.,14091,38.5,5313
470,Sainte-Rose,182,182,36600,490,37090,54902,98.68,1.32,67.56,2293,Trottier,Michel,6,P.L.Q./Q.L.P.,8778,23.98,0
470,Sainte-Rose,182,182,36600,490,37090,54902,98.68,1.32,67.56,2595,Cliche,Karine,40,Q.S.,5243,14.33,0
470,Sainte-Rose,182,182,36600,490,37090,54902,98.68,1.32,67.56,2314,Jubinville,Lyne,8,P.Q.,4536,12.39,0
470,Sainte-Rose,182,182,36600,490,37090,54902,98.68,1.32,67.56,2665,Beauchamp,Stéphanie,22,P.C.Q-E.E.D.,3429,9.37,0
470,Sainte-Rose,182,182,36600,490,37090,54902,98.68,1.32,67.56,3035,Kamning Nguendjong,Pierrette,10,P.V.Q./G.P.Q.,304,0.83,0
470,Sainte-Rose,182,182,36600,490,37090,54902,98.68,1.32,67.56,2993,Filiatrault,Simon,99237,C.Q.,128,0.35,0
470,Sainte-Rose,182,182,36600,490,37090,54902,98.68,1.32,67.56,2404,Fortin,Kevin,37,P51,91,0.25,0
230,Sanguinet,147,147,29944,417,30361,43491,98.63,1.37,69.81,2339,Fréchette,Christine,27,C.A.Q.-E.F.L.,14607,48.78,9725
230,Sanguinet,147,147,29944,417,30361,43491,98.63,1.37,69.81,2486,Paquin-Auger,Daphnée,8,P.Q.,4882,16.3,0
230,Sanguinet,147,147,29944,417,30361,43491,98.63,1.37,69.81,2676,Bernier,Virginie,40,Q.S.,3925,13.11,0
230,Sanguinet,147,147,29944,417,30361,43491,98.63,1.37,69.81,2415,Gibeault,François,22,P.C.Q-E.E.D.,3164,10.57,0
230,Sanguinet,147,147,29944,417,30361,43491,98.63,1.37,69.81,2588,Asatsop,Rodrigue,6,P.L.Q./Q.L.P.,2952,9.86,0
230,Sanguinet,147,147,29944,417,30361,43491,98.63,1.37,69.81,2766,Bah,Halimatou,10,P.V.Q./G.P.Q.,325,1.09,0
230,Sanguinet,147,147,29944,417,30361,43491,98.63,1.37,69.81,2763,Lajoie,Martine,99237,C.Q.,58,0.19,0
230,Sanguinet,147,147,29944,417,30361,43491,98.63,1.37,69.81,2659,Héroux,Hélène,7,P.M.L.Q.,31,0.1,0
116,Sherbrooke,186,186,37098,458,37556,53033,98.78,1.22,70.82,2338,Labrie,Christine,40,Q.S.,15548,41.91,2472
116,Sherbrooke,186,186,37098,458,37556,53033,98.78,1.22,70.82,2278,St-Hilaire,Caroline,27,C.A.Q.-E.F.L.,13076,35.25,0
116,Sherbrooke,186,186,37098,458,37556,53033,98.78,1.22,70.82,2566,Bérubé-Lauzière,Yves,8,P.Q.,3373,9.09,0
116,Sherbrooke,186,186,37098,458,37556,53033,98.78,1.22,70.82,2375,St-Amand,Zoée,22,P.C.Q-E.E.D.,2501,6.74,0
116,Sherbrooke,186,186,37098,458,37556,53033,98.78,1.22,70.82,2828,Vaes,François,6,P.L.Q./Q.L.P.,2166,5.84,0
116,Sherbrooke,186,186,37098,458,37556,53033,98.78,1.22,70.82,3050,Karny,Victoria,10,P.V.Q./G.P.Q.,204,0.55,0
116,Sherbrooke,186,186,37098,458,37556,53033,98.78,1.22,70.82,2923,Dompierre,Raphaëlle,23,P.N.,113,0.3,0
116,Sherbrooke,186,186,37098,458,37556,53033,98.78,1.22,70.82,3027,Barbier,Alain,99237,C.Q.,69,0.19,0
116,Sherbrooke,186,186,37098,458,37556,53033,98.78,1.22,70.82,3024,Asselin,Alexandre,99286,D.D.,48,0.13,0
220,Soulanges,199,199,40153,506,40659,60353,98.76,1.24,67.37,2179,Picard,Marilyne,27,C.A.Q.-E.F.L.,17114,42.62,8353
220,Soulanges,199,199,40153,506,40659,60353,98.76,1.24,67.37,2610,St-Amour,Catherine,6,P.L.Q./Q.L.P.,8761,21.82,0
220,Soulanges,199,199,40153,506,40659,60353,98.76,1.24,67.37,2737,Coulombe,Éloïse,22,P.C.Q-E.E.D.,5006,12.47,0
220,Soulanges,199,199,40153,506,40659,60353,98.76,1.24,67.37,2603,Samson,Sophie,40,Q.S.,4353,10.84,0
220,Soulanges,199,199,40153,506,40659,60353,98.76,1.24,67.37,2874,Patenaude,Samuel,8,P.Q.,4124,10.27,0
220,Soulanges,199,199,40153,506,40659,60353,98.76,1.24,67.37,2228,Solarik,Kristian,10,P.V.Q./G.P.Q.,795,1.98,0
250,Taillon,186,186,35256,441,35697,52762,98.76,1.24,67.66,2343,Carmant,Lionel,27,C.A.Q.-E.F.L.,14635,41.51,7475
250,Taillon,186,186,35256,441,35697,52762,98.76,1.24,67.66,2624,Bouvette-Turcot,Andrée-Anne,8,P.Q.,7160,20.31,0
250,Taillon,186,186,35256,441,35697,52762,98.76,1.24,67.66,2357,Blanchard,Manon,40,Q.S.,6663,18.9,0
250,Taillon,186,186,35256,441,35697,52762,98.76,1.24,67.66,2509,Cissé,Omar,6,P.L.Q./Q.L.P.,4096,11.62,0
250,Taillon,186,186,35256,441,35697,52762,98.76,1.24,67.66,2254,Boyer,Pierre-Marc,22,P.C.Q-E.E.D.,2280,6.47,0
250,Taillon,186,186,35256,441,35697,52762,98.76,1.24,67.66,2582,Ouellet,Frédéric,99237,C.Q.,336,0.95,0
250,Taillon,186,186,35256,441,35697,52762,98.76,1.24,67.66,3013,Savignac,Pierre,99275,U.F.F.,86,0.24,0
730,Taschereau,178,178,34370,321,34691,47996,99.07,0.93,72.28,2505,Grandmont,Etienne,40,Q.S.,13588,39.53,5831
730,Taschereau,178,178,34370,321,34691,47996,99.07,0.93,72.28,2467,Robin,Jeanne,8,P.Q.,7757,22.57,0
730,Taschereau,178,178,34370,321,34691,47996,99.07,0.93,72.28,2311,St-Hilaire,Pascale,27,C.A.Q.-E.F.L.,7537,21.93,0
730,Taschereau,178,178,34370,321,34691,47996,99.07,0.93,72.28,2204,Hélie,Marie-Josée,22,P.C.Q-E.E.D.,3012,8.76,0
730,Taschereau,178,178,34370,321,34691,47996,99.07,0.93,72.28,2936,Touré,Ahmed Lamine,6,P.L.Q./Q.L.P.,2025,5.89,0
730,Taschereau,178,178,34370,321,34691,47996,99.07,0.93,72.28,2765,Karim,Andrew,10,P.V.Q./G.P.Q.,225,0.65,0
730,Taschereau,178,178,34370,321,34691,47996,99.07,0.93,72.28,2715,Joubert,Jean-François,99237,C.Q.,102,0.3,0
730,Taschereau,178,178,34370,321,34691,47996,99.07,0.93,72.28,2775,Fillion,Marie-Soleil,0,Ind,83,0.24,0
730,Taschereau,178,178,34370,321,34691,47996,99.07,0.93,72.28,2503,Boivin,Guy,29,E.A.,41,0.12,0
542,Terrebonne,203,203,42295,549,42844,60184,98.72,1.28,71.19,2236,Fitzgibbon,Pierre,27,C.A.Q.-E.F.L.,20911,49.44,12925
542,Terrebonne,203,203,42295,549,42844,60184,98.72,1.28,71.19,2341,Couture,Geneviève,8,P.Q.,7986,18.88,0
542,Terrebonne,203,203,42295,549,42844,60184,98.72,1.28,71.19,2307,Poirier,Nadia,40,Q.S.,5352,12.65,0
542,Terrebonne,203,203,42295,549,42844,60184,98.72,1.28,71.19,2926,Jean,Lindsay,6,P.L.Q./Q.L.P.,4301,10.17,0
542,Terrebonne,203,203,42295,549,42844,60184,98.72,1.28,71.19,2524,Andreeva,Daniela,22,P.C.Q-E.E.D.,3357,7.94,0
542,Terrebonne,203,203,42295,549,42844,60184,98.72,1.28,71.19,3026,Tarpinian,Nazar,10,P.V.Q./G.P.Q.,308,0.73,0
542,Terrebonne,203,203,42295,549,42844,60184,98.72,1.28,71.19,2751,Meloche,Marie-France,99286,D.D.,80,0.19,0
660,Trois-Rivières,191,191,37115,492,37607,54728,98.69,1.31,68.72,2309,Boulet,Jean,27,C.A.Q.-E.F.L.,18859,50.81,12790
660,Trois-Rivières,191,191,37115,492,37607,54728,98.69,1.31,68.72,2590,Roy Cullen,Steven,40,Q.S.,6069,16.35,0
660,Trois-Rivières,191,191,37115,492,37607,54728,98.69,1.31,68.72,2943,Vézina,Laurent,8,P.Q.,5323,14.34,0
660,Trois-Rivières,191,191,37115,492,37607,54728,98.69,1.31,68.72,2574,Pépin,Karine,22,P.C.Q-E.E.D.,4552,12.26,0
660,Trois-Rivières,191,191,37115,492,37607,54728,98.69,1.31,68.72,2862,Tekougoum,Adams,6,P.L.Q./Q.L.P.,2056,5.54,0
660,Trois-Rivières,191,191,37115,492,37607,54728,98.69,1.31,68.72,2898,Trottier,Éric,99237,C.Q.,148,0.4,0
660,Trois-Rivières,191,191,37115,492,37607,54728,98.69,1.31,68.72,2979,Samman,Georges,99275,U.F.F.,108,0.29,0
938,Ungava,111,111,8635,285,8920,29522,96.8,3.2,30.21,2384,Lamothe,Denis,27,C.A.Q.-E.F.L.,3132,36.27,1040
938,Ungava,111,111,8635,285,8920,29522,96.8,3.2,30.21,2363,Labrecque-Saganash,Maïtée,40,Q.S.,2092,24.23,0
938,Ungava,111,111,8635,285,8920,29522,96.8,3.2,30.21,2625,Napartuk,Tunu,6,P.L.Q./Q.L.P.,1571,18.19,0
938,Ungava,111,111,8635,285,8920,29522,96.8,3.2,30.21,2556,Moore,Christine,8,P.Q.,1084,12.55,0
938,Ungava,111,111,8635,285,8920,29522,96.8,3.2,30.21,2559,Lalancette,Nancy,22,P.C.Q-E.E.D.,756,8.76,0
240,Vachon,177,177,35589,491,36080,52770,98.64,1.36,68.37,2302,Lafrenière,Ian,27,C.A.Q.-E.F.L.,15984,44.91,10266
240,Vachon,177,177,35589,491,36080,52770,98.64,1.36,68.37,2622,Mbattang,Yves,6,P.L.Q./Q.L.P.,5718,16.07,0
240,Vachon,177,177,35589,491,36080,52770,98.64,1.36,68.37,2303,Samson,Jean-Philippe,40,Q.S.,5343,15.01,0
240,Vachon,177,177,35589,491,36080,52770,98.64,1.36,68.37,2244,Wrzesien,Adam,8,P.Q.,4757,13.37,0
240,Vachon,177,177,35589,491,36080,52770,98.64,1.36,68.37,2641,Boucher,Martine,22,P.C.Q-E.E.D.,3166,8.9,0
240,Vachon,177,177,35589,491,36080,52770,98.64,1.36,68.37,3034,Nino Caita,Juan Carlos,10,P.V.Q./G.P.Q.,404,1.14,0
240,Vachon,177,177,35589,491,36080,52770,98.64,1.36,68.37,2695,Lacombe,Jean-Pierre,99237,C.Q.,217,0.61,0
726,Vanier-Les Rivières,203,203,43918,506,44424,60404,98.86,1.14,73.54,2230,Asselin,Mario,27,C.A.Q.-E.F.L.,20812,47.39,12240
726,Vanier-Les Rivières,203,203,43918,506,44424,60404,98.86,1.14,73.54,2251,Gagnon,Donald,22,P.C.Q-E.E.D.,8572,19.52,0
726,Vanier-Les Rivières,203,203,43918,506,44424,60404,98.86,1.14,73.54,2256,Duquette,William,8,P.Q.,5741,13.07,0
726,Vanier-Les Rivières,203,203,43918,506,44424,60404,98.86,1.14,73.54,2922,Boucher,Karoline,40,Q.S.,5337,12.15,0
726,Vanier-Les Rivières,203,203,43918,506,44424,60404,98.86,1.14,73.54,2919,Filion,Karl,6,P.L.Q./Q.L.P.,2760,6.28,0
726,Vanier-Les Rivières,203,203,43918,506,44424,60404,98.86,1.14,73.54,3009,Guillemette,Mathieu,0,Ind,282,0.64,0
726,Vanier-Les Rivières,203,203,43918,506,44424,60404,98.86,1.14,73.54,2991,Bamba,Kadidia Mahamane,10,P.V.Q./G.P.Q.,266,0.61,0
726,Vanier-Les Rivières,203,203,43918,506,44424,60404,98.86,1.14,73.54,2315,Cloutier,Jean,99237,C.Q.,148,0.34,0
224,Vaudreuil,208,208,39765,415,40180,61632,98.97,1.03,65.19,2584,Nichols,Marie-Claude,6,P.L.Q./Q.L.P.,13608,34.22,576
224,Vaudreuil,208,208,39765,415,40180,61632,98.97,1.03,65.19,2246,Bélec,Eve,27,C.A.Q.-E.F.L.,13032,32.77,0
224,Vaudreuil,208,208,39765,415,40180,61632,98.97,1.03,65.19,2839,Théoret,Eve,22,P.C.Q-E.E.D.,4619,11.62,0
224,Vaudreuil,208,208,39765,415,40180,61632,98.97,1.03,65.19,2580,Bilodeau,Cynthia,40,Q.S.,3671,9.23,0
224,Vaudreuil,208,208,39765,415,40180,61632,98.97,1.03,65.19,2231,Massé,Christopher,8,P.Q.,3061,7.7,0
224,Vaudreuil,208,208,39765,415,40180,61632,98.97,1.03,65.19,2958,Hamelin-Schuilenburg,David,99263,P.C.Q./C.P.Q,726,1.83,0
224,Vaudreuil,208,208,39765,415,40180,61632,98.97,1.03,65.19,2997,Boileau,Kelley,10,P.V.Q./G.P.Q.,496,1.25,0
224,Vaudreuil,208,208,39765,415,40180,61632,98.97,1.03,65.19,2726,Ahluwalia,Jaspal Singh,99285,B.M.-E.B.H.,477,1.2,0
224,Vaudreuil,208,208,39765,415,40180,61632,98.97,1.03,65.19,2939,Lynes,Paul,99286,D.D.,75,0.19,0
256,Verchères,200,200,46161,586,46747,62095,98.75,1.25,75.28,2201,Roy,Suzanne,27,C.A.Q.-E.F.L.,23672,51.28,14111
256,Verchères,200,200,46161,586,46747,62095,98.75,1.25,75.28,2772,Gagnon-Ducharme,Cédric,8,P.Q.,9561,20.71,0
256,Verchères,200,200,46161,586,46747,62095,98.75,1.25,75.28,2565,Harvey,Manon,40,Q.S.,6665,14.44,0
256,Verchères,200,200,46161,586,46747,62095,98.75,1.25,75.28,2233,Déry,Pascal,22,P.C.Q-E.E.D.,3269,7.08,0
256,Verchères,200,200,46161,586,46747,62095,98.75,1.25,75.28,2298,Lévesque,Gabriel,6,P.L.Q./Q.L.P.,2438,5.28,0
256,Verchères,200,200,46161,586,46747,62095,98.75,1.25,75.28,2903,Saikali,Nadim,10,P.V.Q./G.P.Q.,318,0.69,0
256,Verchères,200,200,46161,586,46747,62095,98.75,1.25,75.28,2447,Dallaire,Germain,99237,C.Q.,97,0.21,0
256,Verchères,200,200,46161,586,46747,62095,98.75,1.25,75.28,2280,Beauregard,Lucien,0,Ind,86,0.19,0
256,Verchères,200,200,46161,586,46747,62095,98.75,1.25,75.28,2917,Boisvert,Pauline,99286,D.D.,55,0.12,0
300,Verdun,162,162,31093,303,31396,48658,99.03,0.97,64.52,2538,Zaga Mendez,Alejandra,40,Q.S.,9562,30.75,461
300,Verdun,162,162,31093,303,31396,48658,99.03,0.97,64.52,2513,Melançon,Isabelle,6,P.L.Q./Q.L.P.,9101,29.27,0
300,Verdun,162,162,31093,303,31396,48658,99.03,0.97,64.52,2612,Tremblay,Véronique,27,C.A.Q.-E.F.L.,7150,23.0,0
300,Verdun,162,162,31093,303,31396,48658,99.03,0.97,64.52,2613,Valdivia,Claudia,8,P.Q.,2591,8.33,0
300,Verdun,162,162,31093,303,31396,48658,99.03,0.97,64.52,2543,Koty,Lucien,22,P.C.Q-E.E.D.,1664,5.35,0
300,Verdun,162,162,31093,303,31396,48658,99.03,0.97,64.52,2620,Pellerin,Jannie,10,P.V.Q./G.P.Q.,542,1.74,0
300,Verdun,162,162,31093,303,31396,48658,99.03,0.97,64.52,2792,Kilbride,Scott,99263,P.C.Q./C.P.Q,301,0.97,0
300,Verdun,162,162,31093,303,31396,48658,99.03,0.97,64.52,3048,Milette,Marc-André,23,P.N.,65,0.21,0
300,Verdun,162,162,31093,303,31396,48658,99.03,0.97,64.52,2940,Desmarais,Alexandre,99237,C.Q.,61,0.2,0
300,Verdun,162,162,31093,303,31396,48658,99.03,0.97,64.52,2709,Deschamps,Fernand,7,P.M.L.Q.,30,0.1,0
300,Verdun,162,162,31093,303,31396,48658,99.03,0.97,64.52,3054,Rioux,Alain,99293,A.F.C.,26,0.08,0
358,Viau,132,132,21082,466,21548,39883,97.84,2.16,54.03,2691,Benjamin,Frantz,6,P.L.Q./Q.L.P.,8049,38.18,1631
358,Viau,132,132,21082,466,21548,39883,97.84,2.16,54.03,2494,Belinga,Renée-Chantal,40,Q.S.,6418,30.44,0
358,Viau,132,132,21082,466,21548,39883,97.84,2.16,54.03,2366,Savard,Justine,27,C.A.Q.-E.F.L.,3201,15.18,0
358,Viau,132,132,21082,466,21548,39883,97.84,2.16,54.03,2687,Lecompte,Marc-Antoine,8,P.Q.,1598,7.58,0
358,Viau,132,132,21082,466,21548,39883,97.84,2.16,54.03,2667,Tembel,Alex,22,P.C.Q-E.E.D.,1294,6.14,0
358,Viau,132,132,21082,466,21548,39883,97.84,2.16,54.03,2902,Chaouche,Manel,10,P.V.Q./G.P.Q.,342,1.62,0
358,Viau,132,132,21082,466,21548,39883,97.84,2.16,54.03,3058,Réjouis,Marc II,99285,B.M.-E.B.H.,100,0.47,0
358,Viau,132,132,21082,466,21548,39883,97.84,2.16,54.03,2920,Ricard,Serge,99237,C.Q.,80,0.38,0
476,Vimont,153,153,31965,349,32314,46185,98.92,1.08,69.97,2367,Schmaltz,Valérie,27,C.A.Q.-E.F.L.,10957,34.28,1416
476,Vimont,153,153,31965,349,32314,46185,98.92,1.08,69.97,2558,Monteiro,Anabela,6,P.L.Q./Q.L.P.,9541,29.85,0
476,Vimont,153,153,31965,349,32314,46185,98.92,1.08,69.97,2344,Piscitelli,Stefano,22,P.C.Q-E.E.D.,4118,12.88,0
476,Vimont,153,153,31965,349,32314,46185,98.92,1.08,69.97,2361,Bélanger,Josée,40,Q.S.,3669,11.48,0
476,Vimont,153,153,31965,349,32314,46185,98.92,1.08,69.97,2951,Lavigne,Nathalie,8,P.Q.,3379,10.57,0
476,Vimont,153,153,31965,349,32314,46185,98.92,1.08,69.97,2554,Lo Cicero,Rita,10,P.V.Q./G.P.Q.,301,0.94,0
332,Westmount-Saint-Louis,178,178,20952,155,21107,46919,99.27,0.73,44.99,2523,Maccarone,Jennifer,6,P.L.Q./Q.L.P.,10576,50.48,7889
332,Westmount-Saint-Louis,178,178,20952,155,21107,46919,99.27,0.73,44.99,2849,Touchette,David,40,Q.S.,2687,12.82,0
332,Westmount-Saint-Louis,178,178,20952,155,21107,46919,99.27,0.73,44.99,2291,Torres-Piaggio,Maria-Luisa,27,C.A.Q.-E.F.L.,2112,10.08,0
332,Westmount-Saint-Louis,178,178,20952,155,21107,46919,99.27,0.73,44.99,2980,Rossokhata,Katya,22,P.C.Q-E.E.D.,1930,9.21,0
332,Westmount-Saint-Louis,178,178,20952,155,21107,46919,99.27,0.73,44.99,2961,Racicot,Florence,8,P.Q.,1267,6.05,0
332,Westmount-Saint-Louis,178,178,20952,155,21107,46919,99.27,0.73,44.99,2861,Standish,Colin,99263,P.C.Q./C.P.Q,1029,4.91,0
332,Westmount-Saint-Louis,178,178,20952,155,21107,46919,99.27,0.73,44.99,3005,Small,Heidi,99285,B.M.-E.B.H.,735,3.51,0
332,Westmount-Saint-Louis,178,178,20952,155,21107,46919,99.27,0.73,44.99,2812,Kuhn,Sam,10,P.V.Q./G.P.Q.,616,2.94,0
